contractid,org_parent,breastcancer_screen,rectalcancer_screen,flu_vaccine,physical_monitor,specialneeds_manage,older_medication,older_pain,osteo_manage,diabetes_eye,diabetes_kidney,diabetes_bloodsugar,ra_manage,falling,bladder,medication,statin,nodelays,carequickly,customer_service,overallrating_care,overallrating_plan,coordination,complaints_plan,leave_plan,improve,appeals_timely,appeals_review,ttyt_available,new_contract,partc_score,partcd_score
E0654,IBT Voluntary Employee Benefits Trust,NA,NA,NA,NA,NA,NA,NA,NA,NA,NA,NA,NA,NA,NA,NA,NA,NA,NA,NA,NA,NA,NA,NA,NA,NA,NA,NA,NA,0,NA,NA
E3014,Commonwealth of PA Pub Schools Retirement System,NA,NA,NA,NA,NA,NA,NA,NA,NA,NA,NA,NA,NA,NA,NA,NA,NA,NA,NA,NA,NA,NA,NA,NA,NA,NA,NA,NA,0,NA,NA
E4744,Missouri Highways and Transportation Commission,NA,NA,NA,NA,NA,NA,NA,NA,NA,NA,NA,NA,NA,NA,NA,NA,NA,NA,NA,NA,NA,NA,NA,NA,NA,NA,NA,NA,0,NA,NA
H0022,Centene Corporation,NA,NA,NA,NA,NA,NA,NA,NA,NA,NA,NA,NA,NA,NA,NA,NA,NA,NA,NA,NA,NA,NA,NA,NA,NA,NA,NA,NA,0,NA,NA
H0028,Humana Inc.,4,4,4,3,4,5,5,3,4,5,5,3,2,2,5,4,4,5,4,3,4,4,5,4,4,5,5,5,0,4.5,4.5
H0029,Centene Corporation,NA,NA,NA,NA,NA,NA,NA,NA,NA,NA,NA,NA,NA,NA,NA,NA,NA,NA,NA,NA,NA,NA,NA,NA,NA,NA,NA,NA,0,NA,NA
H0034,"Hamaspik of Rockland County, Inc. ",NA,NA,NA,NA,NA,NA,NA,NA,NA,NA,NA,NA,NA,NA,NA,NA,NA,NA,NA,NA,NA,NA,NA,NA,NA,NA,NA,4,0,NA,NA
H0062,Centene Corporation,3,3,3,4,NA,NA,NA,NA,3,5,3,4,2,3,2,4,2,2,NA,NA,3,NA,4,2,2,NA,NA,5,0,3,3.5
H0074,Centene Corporation,NA,NA,NA,NA,NA,NA,NA,NA,NA,NA,NA,NA,NA,NA,NA,NA,NA,NA,NA,NA,NA,NA,NA,NA,NA,NA,NA,5,1,NA,NA
H0088,Centene Corporation,NA,NA,NA,NA,NA,NA,NA,NA,NA,NA,NA,NA,NA,NA,NA,NA,NA,NA,NA,NA,NA,NA,NA,NA,NA,NA,NA,5,0,NA,NA
H0104,BlueCross BlueShield of Alabama,4,4,4,3,NA,NA,NA,4,3,5,4,3,1,3,4,2,5,2,5,4,5,3,5,5,3,5,5,4,0,4,4
H0107,Health Care Service Corporation,4,5,4,3,NA,NA,NA,1,4,3,5,4,1,2,4,4,5,5,3,3,2,5,5,5,3,4,3,3,0,4,4
H0111,Centene Corporation,4,3,3,4,NA,NA,NA,NA,2,5,3,3,2,NA,3,2,3,2,1,3,3,3,3,3,3,5,5,5,0,3,3.5
H0137,"Commonwealth Care Alliance, Inc. ",NA,NA,NA,NA,NA,NA,NA,NA,NA,NA,NA,NA,NA,NA,NA,NA,NA,NA,NA,NA,NA,NA,NA,NA,NA,NA,NA,NA,0,NA,NA
H0148,California Physicians' Service,NA,NA,NA,NA,NA,NA,NA,NA,NA,NA,NA,NA,NA,NA,NA,NA,NA,NA,NA,NA,NA,NA,NA,NA,NA,NA,NA,NA,0,NA,NA
H0154,"Triton Health Systems, L.L.C. ",5,5,2,3,5,5,5,5,5,5,5,5,3,2,4,3,5,3,5,5,5,4,5,5,5,5,5,4,0,5,5
H0169,"UnitedHealth Group, Inc. ",3,4,3,2,4,4,5,2,4,5,4,4,4,5,3,3,5,4,4,5,5,5,5,4,5,5,5,5,0,4.5,5
H0174,Centene Corporation,3,4,2,4,3,4,4,4,4,5,4,2,3,NA,2,3,2,2,2,NA,3,NA,5,3,NA,4,4,5,0,3.5,3.5
H0192,Independence Health Group,NA,NA,NA,NA,NA,NA,NA,NA,NA,NA,NA,NA,NA,NA,NA,NA,NA,NA,NA,NA,NA,NA,NA,NA,NA,NA,NA,NA,0,NA,NA
H0251,"UnitedHealth Group, Inc. ",3,4,2,2,3,5,4,4,5,5,4,2,3,1,3,3,5,4,4,5,5,4,5,5,4,5,5,5,0,4.5,4
H0270,Centene Corporation,NA,NA,NA,NA,NA,NA,NA,NA,NA,NA,NA,NA,NA,NA,NA,NA,NA,NA,NA,NA,NA,NA,NA,NA,NA,NA,NA,5,0,NA,NA
H0271,"UnitedHealth Group, Inc. ",4,5,3,3,4,4,4,2,4,4,4,4,3,3,3,4,2,3,3,4,4,2,5,4,NA,5,5,5,0,4,4
H0292,Humana Inc.,5,5,4,4,NA,NA,NA,NA,5,4,5,4,3,1,5,4,5,5,5,5,4,5,5,5,NA,5,5,5,0,5,5
H0294,"UnitedHealth Group, Inc. ",5,4,5,3,4,5,5,3,4,5,5,5,2,4,4,4,5,5,3,5,3,5,5,5,5,5,5,5,0,5,5
H0302,Blue Cross Blue Shield of Arizona,4,3,4,3,NA,NA,NA,2,3,4,5,3,2,3,3,2,2,3,4,2,4,2,5,4,4,5,4,5,0,3.5,3.5
H0321,"UnitedHealth Group, Inc. ",3,4,2,4,4,4,5,3,4,4,4,2,4,3,3,2,2,3,3,NA,5,NA,5,5,4,5,5,5,0,4,4
H0332,"Kelsey-Seybold Medical Group, PLLC ",5,5,5,5,NA,NA,NA,5,5,5,5,5,2,4,5,4,5,5,5,5,5,5,5,5,3,5,5,4,0,5,5
H0336,Humana Inc.,NA,NA,NA,NA,NA,NA,NA,NA,NA,NA,NA,NA,NA,NA,NA,NA,NA,NA,NA,NA,NA,NA,NA,NA,NA,NA,NA,NA,0,NA,NA
H0342,"Point32Health, Inc. ",NA,NA,NA,NA,NA,NA,NA,NA,NA,NA,NA,NA,NA,NA,NA,NA,NA,NA,NA,NA,NA,NA,NA,NA,NA,NA,NA,5,1,NA,NA
H0351,Centene Corporation,3,3,2,2,2,5,5,3,4,4,4,2,2,2,3,3,2,2,2,1,2,2,5,4,NA,4,4,5,0,3,3
H0354,CIGNA,5,5,4,2,5,5,5,5,5,5,5,3,2,3,5,2,3,4,4,4,5,3,5,5,2,4,4,5,0,4.5,4.5
H0363,"Longevity Health Founders, LLC ",NA,NA,NA,NA,NA,NA,NA,NA,NA,NA,NA,NA,NA,NA,NA,NA,NA,NA,NA,NA,NA,NA,NA,NA,NA,NA,NA,5,1,NA,NA
H0422,UCare Minnesota,NA,3,NA,4,NA,NA,NA,NA,3,4,3,NA,NA,NA,2,NA,NA,NA,NA,NA,NA,NA,NA,NA,NA,NA,NA,5,0,NA,NA
H0423,New York City Health and Hospitals Corporation,5,5,3,5,4,5,5,NA,5,4,4,5,4,NA,4,4,1,1,2,1,2,3,5,4,3,NA,NA,4,0,3.5,3.5
H0432,"UnitedHealth Group, Inc. ",4,5,1,2,4,4,5,3,4,5,4,3,3,2,3,3,4,2,5,3,5,2,5,4,4,5,5,5,0,4,4
H0439,CIGNA,4,5,2,3,4,5,5,5,5,5,5,4,2,3,5,2,4,3,3,4,4,4,5,4,4,5,5,5,0,4.5,4
H0473,Humana Inc.,4,5,3,3,NA,NA,NA,2,3,4,4,2,1,2,5,3,4,3,2,3,4,3,5,4,NA,5,5,5,0,3.5,4
H0480,Centene Corporation,NA,NA,NA,NA,NA,NA,NA,NA,NA,NA,NA,NA,NA,NA,NA,NA,NA,NA,NA,NA,NA,NA,NA,NA,NA,NA,NA,NA,0,NA,NA
H0482,Centene Corporation,NA,NA,NA,NA,NA,NA,NA,NA,NA,NA,NA,NA,NA,NA,NA,NA,NA,NA,NA,NA,NA,NA,NA,NA,NA,NA,NA,5,1,NA,NA
H0504,California Physicians' Service,5,5,4,4,NA,NA,NA,4,5,5,5,3,2,5,4,3,2,2,4,3,4,3,5,5,5,4,5,5,0,4,4
H0523,CVS Health Corporation,4,4,3,3,NA,NA,NA,NA,5,5,5,4,3,1,4,3,3,3,4,3,4,3,5,3,5,5,NA,5,0,4,4
H0524,"Kaiser Foundation Health Plan, Inc. ",5,5,5,5,5,5,5,5,5,5,5,5,2,2,5,5,4,4,4,5,5,2,5,5,4,5,5,5,0,5,5
H0543,"UnitedHealth Group, Inc. ",5,4,4,4,NA,NA,NA,4,5,5,5,3,2,3,4,2,2,4,4,4,4,2,5,5,4,5,5,5,0,4,4
H0544,Anthem Inc.,4,4,4,4,3,5,5,4,5,5,5,3,4,2,4,4,2,2,3,3,4,1,4,3,2,4,5,5,0,3.5,3.5
H0545,InterValley Health Plan,5,4,3,3,NA,NA,NA,5,5,5,5,5,3,2,5,2,1,3,5,2,5,1,5,5,4,NA,NA,5,0,4,4
H0562,Centene Corporation,4,5,5,3,2,5,4,3,5,5,5,3,2,2,4,2,3,3,3,3,4,2,5,5,3,3,4,5,0,3.5,4
H0571,Chinese Hospital Association,3,4,5,3,4,5,4,NA,5,4,4,5,5,1,4,5,3,1,5,5,4,3,5,5,3,5,4,4,0,4,4
H0609,"UnitedHealth Group, Inc. ",4,4,5,4,4,5,5,4,5,5,5,3,2,3,4,3,3,3,3,3,3,3,5,5,4,5,5,5,0,4,4.5
H0624,"UnitedHealth Group, Inc. ",4,5,3,3,4,4,4,2,4,5,4,3,4,3,3,3,3,4,4,3,4,3,5,5,3,5,5,5,0,4,4
H0628,CVS Health Corporation,5,4,2,NA,2,NA,NA,NA,3,4,5,4,NA,NA,5,4,3,3,4,3,2,3,4,3,NA,5,NA,5,0,3.5,3.5
H0630,"Kaiser Foundation Health Plan, Inc. ",4,5,5,5,5,5,5,5,5,5,5,5,2,5,5,5,4,5,5,5,5,3,5,5,5,4,5,5,0,5,5
H0645,"Exemplar Health, INC. ",NA,NA,NA,NA,NA,NA,NA,NA,NA,NA,NA,NA,NA,NA,NA,NA,NA,NA,NA,NA,NA,NA,NA,NA,NA,NA,NA,NA,1,NA,NA
H0672,CIGNA,NA,NA,NA,NA,NA,NA,NA,NA,NA,5,3,NA,NA,NA,5,NA,NA,NA,NA,NA,NA,NA,NA,2,NA,NA,NA,5,0,NA,NA
H0710,"UnitedHealth Group, Inc. ",2,5,NA,NA,5,5,5,NA,5,5,5,NA,NA,NA,4,5,NA,NA,NA,NA,NA,NA,5,5,4,5,5,5,0,5,5
H0712,Centene Corporation,4,3,3,3,3,4,3,NA,4,4,4,4,3,3,3,4,3,4,2,2,2,3,4,3,5,4,5,5,0,3.5,3.5
H0724,Centene Corporation,4,2,2,2,NA,NA,NA,NA,1,3,3,NA,2,1,1,1,2,3,4,2,2,3,4,3,2,3,NA,5,0,2.5,2.5
H0755,"UnitedHealth Group, Inc. ",4,4,4,3,NA,NA,NA,2,5,5,5,4,2,1,3,4,3,3,3,4,2,3,5,4,3,5,5,5,0,4,4
H0783,Humana Inc.,NA,NA,NA,NA,NA,NA,NA,NA,NA,NA,NA,NA,NA,NA,NA,NA,NA,NA,NA,NA,NA,NA,NA,NA,NA,NA,NA,5,1,NA,NA
H0798,Medica Holding Company,NA,NA,NA,NA,NA,NA,NA,NA,NA,NA,NA,NA,NA,NA,NA,NA,NA,NA,NA,NA,NA,NA,NA,NA,NA,NA,NA,5,0,NA,NA
H0826,"Innovative Integrated Health, Inc. ",NA,NA,NA,NA,NA,NA,NA,NA,NA,NA,NA,NA,NA,NA,NA,NA,NA,NA,NA,NA,NA,NA,NA,NA,NA,NA,NA,NA,1,NA,NA
H0838,"Bright Health Group, Inc. ",3,3,3,3,4,5,4,3,3,4,5,5,3,1,5,3,2,2,1,2,3,2,5,4,4,5,5,4,0,3.5,3.5
H0876,"Commonwealth Care Alliance, Inc. ",NA,NA,NA,NA,NA,NA,NA,NA,NA,NA,NA,NA,NA,NA,NA,NA,NA,NA,NA,NA,NA,NA,NA,NA,NA,NA,NA,NA,1,NA,NA
H0885,"NJ Collaborative Care, LLC ",NA,NA,NA,NA,NA,NA,NA,NA,NA,NA,NA,NA,NA,NA,NA,NA,NA,NA,NA,NA,NA,NA,NA,NA,NA,NA,NA,5,1,NA,NA
H0907,Anthem Inc.,NA,NA,NA,NA,NA,NA,NA,NA,NA,NA,NA,NA,NA,NA,NA,NA,NA,NA,NA,NA,NA,NA,NA,NA,NA,NA,NA,5,1,NA,NA
H0908,Centene Corporation,4,5,3,1,2,5,5,NA,2,3,3,NA,2,NA,1,4,3,4,4,3,3,NA,5,3,NA,NA,NA,5,0,3.5,3.5
H0913,Centene Corporation,3,2,2,3,3,5,5,NA,3,5,3,5,4,NA,3,4,NA,2,2,2,3,NA,4,3,3,5,4,5,0,3.5,3.5
H0927,Health Care Service Corporation,NA,NA,NA,NA,NA,NA,NA,NA,NA,NA,NA,NA,NA,NA,NA,NA,NA,NA,NA,NA,NA,NA,NA,NA,NA,NA,NA,NA,0,NA,NA
H0969,Centene Corporation,NA,NA,NA,NA,NA,NA,NA,NA,NA,NA,NA,NA,NA,NA,NA,NA,NA,NA,NA,NA,NA,NA,NA,NA,NA,NA,NA,5,0,NA,NA
H0978,SCAN Group,NA,NA,NA,NA,NA,NA,NA,NA,NA,NA,NA,NA,NA,NA,NA,NA,NA,NA,NA,NA,NA,NA,NA,NA,NA,NA,NA,NA,1,NA,NA
H0982,"Athena Healthcare Holdings, LLC ",NA,1,1,5,3,1,1,NA,1,5,2,NA,NA,NA,1,NA,5,3,4,5,4,5,5,2,NA,NA,NA,5,0,3.5,4
H1016,"AvMed, Inc. ",5,4,2,4,NA,NA,NA,3,4,5,5,2,3,4,4,3,4,2,4,4,4,4,5,5,3,5,5,5,0,4,4
H1019,Humana Inc.,5,5,2,4,4,5,5,5,5,5,5,5,4,1,5,4,3,3,5,5,5,3,5,4,3,5,5,5,0,4.5,5
H1032,Centene Corporation,5,4,1,4,3,4,4,4,5,5,4,3,3,NA,4,3,4,3,3,4,4,4,5,3,4,4,5,5,0,4,4.5
H1035,Guidewell Mutual Holding Corporation,5,5,3,4,4,5,5,4,4,4,5,3,2,1,3,2,5,4,5,5,5,4,5,4,2,5,4,5,0,4.5,4.5
H1036,Humana Inc.,5,5,2,3,2,5,5,4,5,5,5,4,2,3,5,4,4,3,4,3,5,3,5,5,4,5,5,5,0,4.5,4.5
H1045,"UnitedHealth Group, Inc. ",5,5,2,4,4,5,5,5,5,5,5,3,2,3,4,3,3,3,4,5,4,3,5,4,5,5,5,5,0,4.5,4.5
H1099,"Health First Shared Services, Inc. ",5,5,4,4,NA,NA,NA,3,4,4,5,3,2,4,5,3,4,4,5,4,4,3,5,5,3,5,5,5,0,4.5,4
H1109,CVS Health Corporation,4,4,2,4,NA,NA,NA,NA,3,5,5,4,3,4,5,4,4,3,4,3,3,3,5,3,4,NA,NA,5,0,4,3.5
H1111,"UnitedHealth Group, Inc. ",4,4,4,4,NA,NA,NA,4,4,5,5,4,2,1,3,4,4,3,3,4,3,3,5,4,5,5,5,5,0,4,4
H1112,Centene Corporation,4,3,1,4,3,4,4,4,3,4,3,2,3,1,3,3,4,3,4,4,4,4,5,4,3,4,4,5,0,3.5,3.5
H1119,"The Schroer Group, Inc. ",NA,NA,NA,NA,5,5,5,NA,NA,NA,NA,NA,NA,NA,NA,NA,NA,NA,NA,NA,NA,NA,NA,NA,NA,NA,NA,4,0,NA,NA
H1170,"Kaiser Foundation Health Plan, Inc. ",5,5,5,5,4,5,5,5,5,5,5,5,3,3,5,4,2,3,4,5,5,3,5,5,3,5,5,5,0,5,5
H1181,"Network Health, Inc. ",3,3,1,2,NA,NA,NA,NA,3,4,5,NA,1,4,4,NA,5,5,5,3,3,5,5,4,5,NA,NA,NA,0,4,NA
H1189,CHRISTUS Health,3,2,2,2,NA,NA,NA,NA,3,5,4,1,2,1,4,1,4,3,3,4,3,5,4,4,3,2,4,4,0,3.5,3.5
H1205,Personal Touch Holding Corp.,NA,NA,NA,NA,NA,NA,NA,NA,NA,NA,NA,NA,NA,NA,NA,NA,NA,NA,NA,NA,NA,NA,NA,NA,NA,NA,NA,4,0,NA,NA
H1215,Centene Corporation,NA,NA,NA,NA,NA,NA,NA,NA,NA,NA,NA,NA,NA,NA,NA,NA,NA,NA,NA,NA,NA,NA,NA,NA,NA,NA,NA,NA,1,NA,NA
H1225,Johns Hopkins Healthcare LLC,4,4,5,3,NA,NA,NA,NA,3,4,4,1,3,3,3,4,2,3,4,3,2,3,5,5,4,3,3,5,0,3.5,3.5
H1230,"Kaiser Foundation Health Plan, Inc. ",5,5,5,4,4,5,5,5,5,5,5,5,3,2,5,5,3,4,4,5,5,3,5,5,4,NA,NA,5,0,5,5
H1248,Louisiana Health Service & Indemnity Company,5,3,3,4,NA,NA,NA,NA,3,3,4,4,2,5,2,2,4,3,4,4,4,4,5,5,NA,4,5,4,0,4,3.5
H1277,"Innovative Long Term Care Management, Inc. ",NA,NA,NA,NA,NA,NA,NA,NA,NA,NA,NA,NA,NA,NA,NA,NA,NA,NA,NA,NA,NA,NA,NA,NA,NA,NA,NA,2,0,NA,NA
H1278,"UnitedHealth Group, Inc. ",4,4,4,3,NA,NA,NA,2,4,4,5,4,1,2,3,3,5,3,3,3,2,3,5,4,NA,5,5,5,0,4,4
H1280,"Eternal Health of Delaware, Inc. ",NA,NA,NA,NA,NA,NA,NA,NA,NA,NA,NA,NA,NA,NA,NA,NA,NA,NA,NA,NA,NA,NA,NA,NA,NA,NA,NA,NA,1,NA,NA
H1290,"Devoted Health, Inc. ",NA,4,2,4,NA,NA,NA,NA,4,5,5,4,2,NA,5,4,3,3,5,4,5,3,5,3,NA,5,5,4,0,4,4.5
H1302,"Blue Cross of Idaho Health Services, Inc. ",2,3,1,1,NA,NA,NA,NA,NA,NA,NA,NA,2,NA,2,NA,3,4,4,3,4,4,NA,NA,NA,NA,NA,5,0,3,NA
H1304,"Cambia Health Solutions, Inc. ",5,5,4,3,NA,NA,NA,NA,5,4,5,5,2,4,2,3,5,5,4,4,4,4,5,5,4,NA,NA,5,0,4.5,4
H1350,"Blue Cross of Idaho Health Services, Inc. ",4,4,4,2,3,4,5,2,4,4,4,4,2,4,4,4,5,5,4,4,4,4,5,5,3,5,4,4,0,4,4
H1352,Blue Cross and Blue Shield of Kansas City,4,4,4,4,NA,NA,NA,NA,3,4,5,3,3,3,3,4,5,5,5,5,4,4,5,3,4,5,4,5,0,4.5,4.5
H1353,Centene Corporation,NA,NA,2,NA,3,NA,NA,NA,3,5,3,NA,NA,NA,4,NA,NA,1,NA,NA,1,NA,1,2,NA,NA,NA,5,0,NA,NA
H1360,"UnitedHealth Group, Inc. ",NA,NA,NA,NA,NA,NA,NA,NA,NA,NA,NA,NA,NA,NA,NA,NA,NA,NA,NA,NA,NA,NA,NA,NA,NA,NA,NA,5,1,NA,NA
H1365,"Martin's Point Health Care, Inc. ",5,4,5,3,NA,NA,NA,NA,5,3,5,NA,1,4,4,5,5,5,5,4,5,5,5,4,4,NA,NA,5,0,5,5
H1372,"Marquis Companies I, Inc. ",NA,NA,NA,NA,5,5,5,NA,NA,NA,NA,NA,NA,NA,NA,NA,NA,NA,NA,NA,NA,NA,NA,NA,NA,NA,NA,5,0,NA,NA
H1375,"UnitedHealth Group, Inc. ",NA,NA,NA,NA,4,3,2,NA,1,3,3,NA,NA,NA,1,NA,NA,NA,NA,NA,NA,NA,NA,2,NA,NA,NA,5,0,NA,NA
H1395,Centene Corporation,NA,NA,NA,NA,NA,NA,NA,NA,NA,NA,NA,NA,NA,NA,NA,NA,NA,NA,NA,NA,NA,NA,NA,NA,NA,NA,NA,NA,1,NA,NA
H1415,CIGNA,4,4,3,4,NA,NA,NA,NA,4,5,5,3,3,1,4,4,2,2,3,3,3,4,5,4,3,5,5,5,0,4,4
H1416,Centene Corporation,3,3,2,1,3,4,4,3,3,4,3,2,2,1,3,3,4,3,4,3,3,NA,4,3,4,4,5,5,0,3.5,3.5
H1423,Anthem Inc.,NA,NA,NA,NA,NA,NA,NA,NA,NA,NA,NA,NA,NA,NA,NA,NA,NA,NA,NA,NA,NA,NA,NA,NA,NA,NA,NA,5,1,NA,NA
H1426,"Vitality Health Plans, Inc. ",NA,1,1,4,NA,NA,NA,NA,3,3,3,5,NA,NA,1,3,NA,NA,NA,NA,NA,NA,5,4,NA,3,4,5,0,3.5,4
H1436,Centene Corporation,4,3,2,1,4,5,5,NA,3,4,3,2,NA,NA,2,3,2,1,2,NA,3,NA,4,3,3,2,NA,5,0,3,3
H1463,The Carle Foundation,5,4,4,3,NA,NA,NA,2,3,3,4,4,1,2,3,4,4,5,5,5,5,5,5,5,3,5,3,3,0,4,4
H1468,Humana Inc.,5,5,3,4,4,5,5,4,5,5,5,4,2,2,5,5,3,3,4,4,4,3,5,5,4,5,5,5,0,4.5,4.5
H1537,"UnitedHealth Group, Inc. ",5,5,5,3,NA,NA,NA,NA,5,5,5,NA,3,4,3,5,5,4,5,5,5,4,5,NA,5,NA,NA,5,0,5,5
H1587,"Select Founders, LLC ",1,1,NA,1,5,5,5,NA,2,4,3,NA,NA,NA,1,NA,NA,NA,NA,NA,NA,NA,5,5,NA,NA,NA,4,0,NA,NA
H1607,Anthem Inc.,4,5,4,2,NA,NA,NA,NA,4,4,5,3,2,2,4,4,4,4,4,4,2,3,5,4,5,5,5,5,0,4,4
H1608,CVS Health Corporation,4,3,3,2,NA,NA,NA,4,3,4,4,4,2,3,5,3,5,4,2,4,2,5,5,4,3,5,5,5,0,4,4
H1609,CVS Health Corporation,5,5,1,4,3,5,5,4,5,5,5,3,4,2,5,4,3,3,4,4,4,4,5,3,5,4,5,5,0,4.5,4.5
H1610,CVS Health Corporation,2,2,1,2,1,5,4,NA,2,3,3,4,5,1,3,4,4,4,4,5,3,5,4,4,4,4,3,4,0,3.5,3.5
H1644,"Longevity Health Founders, LLC ",NA,NA,NA,NA,5,5,5,NA,NA,NA,NA,NA,NA,NA,NA,NA,NA,NA,NA,NA,NA,NA,NA,NA,NA,NA,NA,5,0,NA,NA
H1651,"Medical Associates Clinic, P.C. ",5,5,5,2,NA,NA,NA,NA,5,5,5,NA,2,2,NA,NA,5,5,5,5,5,5,5,5,3,NA,NA,NA,0,5,NA
H1659,"UnitedHealth Group, Inc. ",2,3,4,3,NA,NA,NA,NA,4,4,5,5,3,2,2,3,4,3,4,3,4,4,5,4,4,NA,NA,5,0,4,4
H1664,Centene Corporation,3,2,3,1,4,NA,NA,NA,2,3,2,NA,3,NA,2,4,4,4,3,3,1,2,4,2,NA,NA,NA,5,0,3,3
H1666,Health Care Service Corporation,3,4,4,4,NA,NA,NA,1,3,4,4,4,2,4,2,3,4,4,4,3,2,3,5,4,5,4,3,3,0,3.5,3.5
H1692,CVS Health Corporation,3,3,2,1,2,5,3,NA,2,3,4,2,3,1,5,2,5,5,4,4,3,5,5,3,2,5,5,5,0,4,4
H1722,"Healthfirst, Inc. ",NA,NA,NA,NA,NA,NA,NA,NA,NA,NA,NA,NA,NA,NA,NA,NA,NA,NA,NA,NA,NA,NA,NA,NA,NA,NA,NA,5,0,NA,NA
H1723,Centene Corporation,NA,NA,NA,NA,NA,NA,NA,NA,NA,NA,NA,NA,NA,NA,NA,NA,NA,NA,NA,NA,NA,NA,NA,NA,NA,NA,NA,NA,0,NA,NA
H1732,Anthem Inc.,NA,NA,NA,NA,NA,NA,NA,NA,NA,NA,NA,NA,NA,NA,NA,NA,NA,NA,NA,NA,NA,NA,NA,NA,NA,NA,NA,5,1,NA,NA
H1737,The Carle Foundation,5,4,5,5,NA,NA,NA,NA,4,NA,4,NA,1,2,2,NA,5,5,5,5,3,5,NA,NA,5,NA,NA,3,0,4,4
H1748,"Avian Health Holdings, LLC ",NA,NA,NA,NA,NA,NA,NA,NA,NA,NA,NA,NA,NA,NA,NA,NA,NA,NA,NA,NA,NA,NA,NA,NA,NA,NA,NA,2,1,NA,NA
H1774,Centene Corporation,NA,NA,NA,NA,NA,NA,NA,NA,NA,NA,NA,NA,NA,NA,NA,NA,NA,NA,NA,NA,NA,NA,NA,NA,NA,NA,NA,5,1,NA,NA
H1777,Catholic Health Care System,NA,2,NA,NA,5,5,5,NA,5,5,5,NA,NA,NA,3,NA,NA,NA,NA,NA,NA,NA,5,5,NA,NA,NA,4,0,5,4.5
H1787,Sanford Health,NA,NA,NA,NA,5,5,5,NA,NA,NA,NA,NA,NA,NA,NA,NA,NA,NA,NA,NA,NA,NA,NA,NA,NA,NA,NA,1,0,NA,NA
H1799,"Molina Healthcare, Inc., ",NA,NA,NA,NA,NA,NA,NA,NA,NA,NA,NA,NA,NA,NA,NA,NA,NA,NA,NA,NA,NA,NA,NA,NA,NA,NA,NA,NA,1,NA,NA
H1821,"UnitedHealth Group, Inc. ",NA,NA,NA,NA,NA,NA,NA,NA,NA,NA,NA,NA,NA,NA,NA,NA,NA,NA,NA,NA,NA,NA,NA,NA,NA,NA,NA,5,1,NA,NA
H1822,SCAN Group,NA,NA,NA,NA,NA,NA,NA,NA,NA,NA,NA,NA,NA,NA,NA,NA,NA,NA,NA,NA,NA,NA,NA,NA,NA,NA,NA,NA,1,NA,NA
H1846,Trinity Health Corporation,4,3,4,4,NA,NA,NA,NA,3,3,4,NA,NA,NA,2,NA,5,5,5,4,4,5,NA,NA,5,NA,NA,4,0,4.5,4.5
H1848,Centene Corporation,NA,NA,NA,NA,NA,NA,NA,NA,NA,NA,NA,NA,NA,NA,NA,NA,NA,NA,NA,NA,NA,NA,NA,NA,NA,NA,NA,5,1,NA,NA
H1862,Centene Corporation,NA,NA,NA,NA,NA,NA,NA,NA,NA,NA,NA,NA,NA,NA,NA,NA,NA,NA,NA,NA,NA,NA,NA,NA,NA,NA,NA,5,1,NA,NA
H1889,"UnitedHealth Group, Inc. ",5,5,1,NA,4,5,5,NA,4,5,4,NA,NA,NA,3,3,2,3,2,4,4,2,4,4,NA,NA,NA,5,0,3.5,4
H1894,Anthem Inc.,2,3,3,5,3,5,4,NA,2,3,4,NA,3,3,4,5,1,3,1,1,1,3,3,2,4,4,4,5,0,3,3
H1914,Centene Corporation,4,3,2,NA,NA,NA,NA,NA,2,3,2,NA,NA,NA,3,NA,1,3,NA,1,1,2,2,3,NA,NA,NA,5,0,2.5,3
H1924,"Port Holdings, Inc. ",NA,1,1,2,NA,NA,NA,NA,1,1,1,NA,1,NA,1,NA,2,4,3,1,1,2,4,4,NA,NA,NA,NA,0,2,NA
H1944,"UnitedHealth Group, Inc. ",4,4,4,2,NA,NA,NA,4,5,5,5,4,2,1,3,4,4,4,4,4,2,3,5,4,4,5,5,5,0,4,4
H1947,Anthem Inc.,NA,NA,NA,NA,3,5,4,NA,1,NA,3,NA,NA,NA,2,NA,NA,NA,NA,NA,NA,NA,NA,2,NA,NA,NA,5,0,NA,NA
H1951,Humana Inc.,5,5,3,4,4,5,5,4,5,5,5,4,2,1,5,4,5,3,5,5,5,5,5,5,3,5,5,5,0,5,5
H1961,"UnitedHealth Group, Inc. ",5,5,4,3,4,5,5,5,5,5,5,4,3,4,5,3,4,3,5,4,5,5,5,5,3,5,5,5,0,5,5
H1969,"Cambia Health Solutions, Inc. ",3,4,4,4,NA,NA,NA,NA,5,4,5,NA,2,3,3,4,5,5,5,5,4,5,5,4,4,NA,NA,5,0,4.5,4.5
H1977,"DLP Marquette General Hospital, LLC ",NA,NA,NA,NA,NA,NA,NA,NA,NA,NA,NA,NA,NA,NA,NA,NA,NA,NA,NA,NA,NA,NA,NA,NA,NA,NA,NA,NA,0,NA,NA
H1993,"Astiva Group, LLC ",NA,NA,NA,NA,NA,NA,NA,NA,NA,NA,NA,NA,NA,NA,NA,NA,NA,NA,NA,NA,NA,NA,NA,NA,NA,NA,NA,4,1,NA,NA
H1994,"Intermountain Health Care, Inc. ",4,5,5,5,NA,NA,NA,3,5,4,5,4,1,4,5,4,5,5,5,5,5,5,5,5,5,5,5,5,0,5,5
H1997,"Cambia Health Solutions, Inc. ",4,5,5,3,NA,NA,NA,NA,5,4,5,NA,2,3,4,5,4,5,5,4,3,5,5,4,5,NA,NA,5,0,5,4.5
H2001,"UnitedHealth Group, Inc. ",5,5,5,4,NA,NA,NA,3,5,5,5,5,3,4,4,3,5,4,5,4,5,4,5,5,5,5,5,5,0,5,5
H2020,Group 1001,NA,NA,NA,NA,NA,NA,NA,NA,NA,NA,NA,NA,NA,NA,NA,NA,NA,NA,NA,NA,NA,NA,NA,NA,NA,NA,NA,1,0,NA,NA
H2029,Humana Inc.,4,5,NA,4,NA,NA,NA,NA,3,5,5,NA,3,NA,4,NA,NA,NA,NA,NA,NA,NA,5,NA,NA,NA,NA,5,0,NA,NA
H2032,Baylor Scott & White Holdings,5,5,5,5,NA,NA,NA,NA,4,4,5,NA,1,4,3,4,5,5,4,5,5,5,5,4,5,5,3,4,0,5,4.5
H2034,"Community Care, Inc. ",3,3,NA,NA,5,5,5,NA,2,3,2,NA,NA,NA,4,NA,NA,NA,NA,NA,NA,NA,NA,NA,NA,NA,NA,3,0,NA,NA
H2056,CVS Health Corporation,NA,4,2,NA,NA,NA,NA,NA,4,5,5,NA,NA,NA,5,NA,2,3,2,3,2,3,3,3,NA,NA,NA,5,0,3.5,3
H2108,CIGNA,3,5,3,3,3,5,5,4,5,5,4,3,3,1,4,4,3,3,3,2,2,3,5,4,1,5,5,5,0,3.5,3.5
H2117,Centene Corporation,NA,NA,NA,NA,NA,NA,NA,NA,NA,NA,NA,NA,NA,NA,NA,NA,NA,NA,NA,NA,NA,NA,NA,NA,NA,NA,NA,NA,1,NA,NA
H2128,Centene Corporation,NA,NA,NA,NA,NA,NA,NA,NA,NA,NA,NA,NA,NA,NA,NA,NA,NA,NA,NA,NA,NA,NA,NA,NA,NA,NA,NA,NA,1,NA,NA
H2134,Centene Corporation,NA,NA,NA,NA,2,4,3,NA,NA,NA,NA,NA,NA,NA,NA,NA,NA,NA,NA,NA,NA,NA,NA,NA,NA,NA,NA,5,0,NA,NA
H2161,"DLP Marquette General Hospital, LLC ",4,3,NA,2,NA,NA,NA,NA,3,3,5,NA,1,NA,4,NA,NA,NA,NA,NA,NA,NA,5,NA,NA,NA,NA,5,0,NA,NA
H2162,Centene Corporation,NA,NA,NA,NA,NA,NA,NA,NA,NA,NA,NA,NA,NA,NA,NA,NA,NA,NA,NA,NA,NA,NA,NA,NA,NA,NA,NA,5,0,NA,NA
H2168,"Village Care of New York, Inc. ",2,1,4,5,5,3,5,NA,3,3,2,NA,5,3,2,2,2,3,2,NA,2,NA,4,3,5,3,3,5,0,3.5,3.5
H2171,Texas Health Resources,4,4,3,5,NA,NA,NA,NA,2,5,4,1,2,2,4,2,3,4,4,3,3,3,5,3,3,5,3,5,0,3.5,3.5
H2172,"Kaiser Foundation Health Plan, Inc. ",5,5,5,5,NA,NA,NA,5,5,5,5,5,3,2,5,5,4,4,5,4,5,4,5,5,5,5,5,5,0,5,5
H2174,Centene Corporation,3,3,3,1,3,5,5,NA,5,3,4,NA,NA,NA,4,NA,NA,3,3,NA,2,NA,5,3,NA,NA,NA,5,0,3.5,4
H2185,"MFA Lifeworks, LLC ",NA,NA,NA,NA,5,5,5,NA,NA,5,3,NA,NA,NA,NA,NA,NA,NA,NA,NA,NA,NA,NA,NA,NA,NA,NA,5,0,NA,NA
H2196,"UnitedHealth Group, Inc. ",NA,NA,NA,NA,NA,NA,NA,NA,NA,NA,NA,NA,NA,NA,NA,NA,NA,NA,NA,NA,NA,NA,NA,NA,NA,NA,NA,5,1,NA,NA
H2224,"Molina Healthcare, Inc., ",4,5,5,4,5,4,5,NA,5,5,3,5,5,4,3,4,2,3,2,4,4,3,5,5,3,5,5,4,0,4,4.5
H2225,"Commonwealth Care Alliance, Inc. ",4,5,5,4,5,5,5,3,5,4,4,5,5,5,4,5,3,3,4,4,5,3,5,5,4,5,3,5,0,4.5,5
H2226,"UnitedHealth Group, Inc. ",5,5,4,5,5,4,4,3,5,5,5,5,5,3,3,5,2,3,4,4,5,3,5,5,4,5,5,5,0,4.5,5
H2228,"UnitedHealth Group, Inc. ",4,4,5,3,4,4,5,3,5,5,5,4,2,3,3,3,4,4,3,4,4,3,5,5,3,5,5,5,0,4.5,4
H2230,"Blue Cross and Blue Shield of Massachusetts, Inc. ",5,5,5,4,NA,NA,NA,4,5,4,5,5,1,3,3,4,4,5,5,3,2,3,5,5,4,5,5,4,0,4.5,4.5
H2235,"BayCare Health System, Inc. ",NA,5,4,5,NA,NA,NA,NA,4,4,5,2,2,3,4,2,5,5,4,5,5,5,5,5,NA,5,5,5,0,5,5
H2237,Humana Inc.,4,4,3,3,4,4,4,NA,3,4,3,5,5,1,3,5,4,4,4,3,4,4,5,5,3,5,4,5,0,4,4
H2241,MacArthur Court Acquisition Corp,5,5,4,2,2,4,3,NA,5,5,5,5,2,2,5,5,1,3,2,2,3,1,5,5,5,3,4,4,0,3.5,3.5
H2247,"UnitedHealth Group, Inc. ",3,4,2,2,4,4,4,NA,4,4,4,2,3,NA,2,4,4,4,3,4,4,3,4,3,NA,5,5,5,0,4,4
H2256,"Point32Health, Inc. ",5,5,5,5,NA,NA,NA,3,5,5,5,4,3,3,5,5,5,5,5,5,5,5,5,5,4,5,5,5,0,5,5
H2261,"Blue Cross and Blue Shield of Massachusetts, Inc. ",5,5,5,4,NA,NA,NA,5,5,5,4,3,3,3,4,5,5,4,4,4,2,4,5,5,4,5,5,4,0,4.5,4.5
H2288,"Bright Health Group, Inc. ",NA,2,NA,2,1,NA,NA,NA,2,5,4,NA,NA,NA,1,NA,NA,NA,NA,NA,NA,NA,NA,NA,NA,NA,NA,5,0,NA,NA
H2292,"UnitedHealth Group, Inc. ",2,5,NA,NA,5,5,5,NA,5,5,5,NA,NA,NA,NA,NA,NA,NA,NA,NA,NA,NA,5,5,NA,5,5,5,0,5,5
H2320,Spectrum Health System,5,5,5,3,NA,NA,NA,5,4,5,5,4,1,2,5,4,5,5,5,5,4,4,5,5,3,4,5,5,0,5,4.5
H2322,Henry Ford Health System,4,4,5,4,NA,NA,NA,NA,4,5,4,4,3,3,2,4,4,4,4,4,4,3,5,5,4,NA,NA,5,0,4,4.5
H2334,Group 1001,NA,NA,NA,NA,NA,NA,NA,NA,NA,NA,NA,NA,NA,NA,NA,NA,NA,NA,NA,NA,NA,NA,NA,NA,NA,NA,NA,1,0,NA,NA
H2354,Henry Ford Health System,5,5,4,3,4,2,4,4,5,4,4,4,2,2,3,4,4,4,5,4,4,4,5,5,3,4,5,5,0,4,4.5
H2392,Kansas Superior Select,NA,NA,NA,NA,5,2,2,NA,NA,NA,NA,NA,NA,NA,NA,NA,NA,NA,NA,NA,NA,NA,NA,NA,NA,NA,NA,4,0,NA,NA
H2400,"SA Plan, LLC ",NA,NA,NA,NA,5,4,5,NA,NA,NA,NA,NA,NA,NA,NA,NA,NA,NA,NA,NA,NA,NA,NA,NA,NA,NA,NA,5,0,NA,NA
H2406,"UnitedHealth Group, Inc. ",5,5,3,3,5,5,5,4,4,5,5,3,2,4,4,2,4,3,4,3,3,3,5,4,5,5,5,5,0,4.5,4
H2416,PrimeWest Rural MN Health Care Access Initiative,3,3,4,1,4,4,5,NA,5,5,5,NA,5,4,3,4,5,5,5,5,4,5,5,5,3,NA,NA,5,0,5,5
H2417,Itasca County,NA,NA,NA,NA,4,4,5,NA,NA,NA,NA,NA,NA,NA,NA,NA,NA,NA,NA,NA,NA,NA,NA,NA,NA,NA,NA,3,0,NA,NA
H2419,South Country Health Alliance,3,3,5,2,4,4,5,NA,4,4,4,NA,5,2,2,4,4,5,5,4,5,5,5,5,3,NA,NA,4,0,4.5,5
H2422,"HealthPartners, Inc. ",4,4,4,4,4,5,5,NA,5,4,4,NA,5,4,5,5,4,5,4,5,4,5,5,5,2,NA,NA,4,0,5,5
H2425,"Aware Integrated, Inc. ",3,3,5,2,4,4,5,3,5,4,5,5,4,4,4,4,5,5,4,5,5,4,5,5,4,NA,NA,5,0,5,5
H2450,Medica Holding Company,4,4,5,1,NA,NA,NA,1,5,3,5,5,1,1,NA,NA,5,5,4,4,4,4,5,5,4,5,4,NA,0,4,4
H2456,UCare Minnesota,3,3,4,3,4,4,5,2,5,3,4,4,4,4,2,4,4,5,4,4,4,4,5,5,3,5,5,5,0,4.5,4.5
H2458,Medica Holding Company,2,3,4,3,4,5,5,1,5,4,5,5,5,5,4,4,4,5,4,5,4,4,5,5,2,4,5,5,0,4.5,4.5
H2459,UCare Minnesota,5,5,5,2,NA,NA,NA,2,5,4,5,5,1,2,3,4,5,5,5,5,5,5,5,5,4,5,5,5,0,5,5
H2461,"Aware Integrated, Inc. ",4,5,5,2,NA,NA,NA,2,5,3,5,5,2,2,NA,NA,5,5,4,5,5,5,5,5,5,5,5,NA,0,5,4.5
H2462,"HealthPartners, Inc. ",5,5,4,3,NA,NA,NA,NA,5,3,5,NA,1,1,NA,NA,5,5,5,5,4,5,5,5,3,NA,NA,NA,0,4.5,5
H2463,Humana Inc.,5,5,1,3,NA,NA,NA,NA,4,4,4,2,1,1,5,3,2,2,4,1,3,NA,5,4,NA,5,5,5,0,3.5,3.5
H2486,Humana Inc.,2,5,3,3,NA,NA,NA,NA,4,4,4,NA,3,1,4,5,5,5,4,5,4,4,5,4,2,NA,NA,5,0,4,4
H2491,Centene Corporation,3,2,2,3,3,4,4,4,3,4,3,3,4,4,3,3,2,2,3,3,3,4,5,3,4,5,5,5,0,3.5,3.5
H2506,CVS Health Corporation,NA,NA,NA,NA,NA,NA,NA,NA,NA,NA,NA,NA,NA,NA,NA,NA,NA,NA,NA,NA,NA,NA,NA,NA,NA,NA,NA,NA,0,NA,NA
H2531,"UnitedHealth Group, Inc. ",NA,NA,NA,NA,NA,NA,NA,NA,NA,NA,NA,NA,NA,NA,NA,NA,NA,NA,NA,NA,NA,NA,NA,NA,NA,NA,NA,NA,0,NA,NA
H2533,"Molina Healthcare, Inc., ",NA,NA,NA,NA,NA,NA,NA,NA,NA,NA,NA,NA,NA,NA,NA,NA,NA,NA,NA,NA,NA,NA,NA,NA,NA,NA,NA,NA,0,NA,NA
H2563,Sentara Health Care (SHC),5,5,4,5,1,2,2,NA,4,5,5,4,2,4,2,4,3,3,3,4,3,4,5,5,3,5,2,5,0,4,4
H2577,"UnitedHealth Group, Inc. ",5,5,3,NA,NA,NA,NA,NA,4,5,5,4,NA,NA,3,4,4,4,2,3,4,3,4,3,NA,5,5,5,0,4,3.5
H2582,"UnitedHealth Group, Inc. ",3,4,3,NA,3,4,4,NA,3,3,4,NA,NA,NA,4,1,4,4,4,3,4,4,5,5,NA,NA,NA,5,0,4,4
H2591,The Carle Foundation,NA,NA,NA,NA,NA,NA,NA,NA,NA,NA,NA,NA,NA,NA,NA,NA,NA,NA,NA,NA,NA,NA,NA,NA,NA,NA,NA,NA,0,NA,NA
H2593,Anthem Inc.,3,3,4,3,2,5,5,4,5,5,4,2,3,2,3,3,2,2,3,2,3,1,4,3,2,4,5,5,0,3.5,3.5
H2610,Essence Group Holdings Corporation,5,5,5,3,NA,NA,NA,4,5,5,5,4,2,3,5,3,5,5,5,5,5,5,5,5,5,5,4,5,0,5,5
H2624,Moses H. Cone Memorial Hospital Corp.,NA,NA,NA,NA,4,5,5,NA,NA,NA,NA,NA,NA,NA,NA,NA,NA,NA,NA,NA,NA,NA,NA,NA,NA,NA,NA,5,0,NA,NA
H2663,CVS Health Corporation,4,4,5,3,NA,NA,NA,4,4,4,5,4,2,3,5,3,5,4,4,5,4,5,5,4,2,5,5,5,0,4.5,4.5
H2678,MHNU Corporation,NA,NA,NA,NA,5,3,4,NA,NA,NA,NA,NA,NA,NA,NA,NA,NA,NA,NA,NA,NA,NA,NA,NA,NA,NA,NA,5,0,NA,NA
H2694,"Eternal Health of Delaware, Inc. ",NA,NA,NA,NA,NA,NA,NA,NA,NA,NA,NA,NA,NA,NA,NA,NA,NA,NA,NA,NA,NA,NA,NA,NA,NA,NA,NA,NA,1,NA,NA
H2697,"Devoted Health, Inc. ",NA,NA,NA,NA,NA,NA,NA,NA,NA,NA,NA,NA,NA,NA,NA,NA,NA,NA,NA,NA,NA,NA,NA,NA,NA,NA,NA,4,1,NA,NA
H2722,Louisiana Health Service & Indemnity Company,NA,NA,NA,NA,NA,NA,NA,NA,NA,NA,NA,NA,NA,NA,NA,NA,NA,NA,NA,NA,NA,NA,NA,NA,NA,NA,NA,4,0,NA,NA
H2737,"Baystate Health, Inc. ",NA,NA,NA,NA,NA,NA,NA,NA,NA,NA,NA,NA,NA,NA,NA,NA,NA,NA,NA,NA,NA,NA,NA,NA,NA,NA,NA,NA,1,NA,NA
H2752,CIGNA,NA,NA,NA,NA,NA,NA,NA,NA,NA,NA,NA,NA,NA,NA,NA,NA,NA,NA,NA,NA,NA,NA,NA,NA,NA,NA,NA,NA,1,NA,NA
H2765,"Moda Partners, Inc. ",NA,NA,NA,NA,NA,NA,NA,NA,NA,NA,NA,NA,NA,NA,NA,NA,NA,NA,NA,NA,NA,NA,NA,NA,NA,NA,NA,4,1,NA,NA
H2775,Centene Corporation,4,4,4,2,NA,NA,NA,4,4,4,4,4,2,2,3,4,4,5,2,4,1,4,4,3,5,3,4,5,0,3.5,4
H2782,Western Health Advantage,NA,NA,NA,NA,NA,NA,NA,NA,NA,NA,NA,NA,NA,NA,NA,NA,NA,NA,NA,NA,NA,NA,NA,NA,NA,NA,NA,4,1,NA,NA
H2793,Imperial Health Plan of California,NA,1,NA,2,1,2,2,NA,1,3,5,NA,NA,NA,1,NA,NA,NA,NA,NA,NA,NA,1,2,NA,NA,NA,4,0,NA,NA
H2802,"UnitedHealth Group, Inc. ",4,4,4,3,3,4,5,3,4,5,5,4,2,2,3,4,4,4,5,4,4,5,5,4,3,5,5,5,0,4.5,4.5
H2816,Centene Corporation,3,3,4,1,NA,NA,NA,NA,3,3,4,NA,3,3,2,5,4,5,NA,3,2,4,5,3,4,NA,NA,5,0,3.5,4
H2825,Mary Washington Healthcare,NA,NA,4,NA,NA,NA,NA,NA,2,4,4,NA,NA,NA,3,NA,3,3,4,3,4,3,5,4,NA,NA,NA,5,0,3.5,4
H2836,Anthem Inc.,NA,NA,NA,NA,NA,NA,NA,NA,NA,NA,NA,NA,NA,NA,NA,NA,NA,NA,NA,NA,NA,NA,NA,NA,NA,NA,NA,5,0,NA,NA
H2853,Centene Corporation,NA,NA,NA,NA,NA,NA,NA,NA,NA,NA,NA,NA,NA,NA,NA,NA,NA,NA,NA,NA,NA,NA,NA,NA,NA,NA,NA,5,1,NA,NA
H2879,"Molina Healthcare, Inc., ",2,3,2,2,2,4,5,NA,2,5,4,NA,NA,NA,2,5,NA,4,NA,NA,3,NA,5,3,NA,NA,NA,5,0,3.5,3.5
H2915,Centene Corporation,2,2,1,1,4,5,3,NA,1,4,2,2,3,NA,2,4,3,2,4,NA,1,4,3,3,NA,5,5,5,0,3,3.5
H2926,PrimeWest Rural MN Health Care Access Initiative,NA,NA,NA,NA,1,NA,NA,NA,NA,NA,NA,NA,NA,NA,NA,NA,NA,NA,NA,NA,NA,NA,NA,NA,NA,NA,NA,5,0,NA,NA
H2944,Humana Inc.,2,3,3,1,NA,NA,NA,NA,3,3,4,3,2,2,4,3,5,5,4,4,3,5,5,4,3,4,3,5,0,4,4
H2960,Renown Health,4,5,5,3,NA,NA,NA,2,5,5,5,4,2,3,5,3,3,4,5,4,4,3,5,5,5,4,4,5,0,4.5,4
H2962,"Ultimate Healthcare Holdings, LLC ",5,5,2,3,1,5,5,NA,5,5,5,5,2,1,5,4,3,3,4,3,4,2,5,4,5,5,5,5,0,4,4
H2986,Essence Group Holdings Corporation,5,5,5,5,NA,NA,NA,NA,4,5,5,5,2,4,4,5,3,4,3,4,4,4,4,5,3,5,5,5,0,4.5,4.5
H3015,BlueCross BlueShield of Tennessee,NA,NA,NA,NA,NA,NA,NA,NA,NA,NA,NA,NA,NA,NA,NA,NA,NA,NA,NA,NA,NA,NA,NA,NA,NA,NA,NA,5,1,NA,NA
H3047,Centene Corporation,NA,NA,NA,NA,NA,NA,NA,NA,NA,NA,NA,NA,NA,NA,NA,NA,NA,NA,NA,NA,NA,NA,NA,NA,NA,NA,NA,5,1,NA,NA
H3071,Group 1001,3,3,1,2,NA,NA,NA,NA,3,4,3,2,4,NA,2,4,NA,2,NA,NA,1,NA,5,3,3,5,5,1,0,3,3
H3113,"UnitedHealth Group, Inc. ",4,4,2,3,4,4,5,2,5,4,4,3,4,3,3,4,3,2,3,4,5,3,5,4,5,5,5,5,0,4,4.5
H3132,AIDS Healthcare Foundation,4,4,5,5,1,5,5,NA,2,5,4,NA,NA,NA,4,4,4,4,4,4,4,5,5,5,4,NA,NA,3,0,4.5,4.5
H3146,CVS Health Corporation,5,4,4,NA,2,5,3,NA,3,4,5,5,NA,NA,5,3,5,4,4,4,5,5,4,3,NA,NA,NA,5,0,4.5,4
H3152,CVS Health Corporation,3,4,4,3,NA,NA,NA,3,3,4,5,3,3,3,5,3,3,3,3,3,3,3,5,4,4,5,5,5,0,4,4
H3154,"Horizon Healthcare Services, Inc. ",3,3,3,3,NA,NA,NA,4,2,4,4,5,3,2,4,4,4,3,2,3,2,3,5,4,3,5,5,5,0,3.5,3.5
H3170,Blue Cross Blue Shield of Nebraska,5,4,5,2,NA,NA,NA,NA,3,4,5,NA,1,2,3,1,5,5,4,4,3,5,5,4,5,NA,NA,5,0,4,4.5
H3186,Sanford Health,NA,NA,NA,NA,NA,NA,NA,NA,NA,NA,NA,NA,NA,NA,NA,NA,NA,NA,NA,NA,NA,NA,NA,NA,NA,NA,NA,NA,1,NA,NA
H3192,CVS Health Corporation,5,3,2,NA,NA,NA,NA,NA,2,4,4,NA,NA,NA,5,5,3,3,2,2,2,2,2,2,NA,NA,NA,5,0,3,3
H3204,Presbyterian Healthcare Services,4,4,5,4,4,5,5,3,4,5,5,5,2,3,2,2,1,3,4,2,2,3,5,5,4,5,4,5,0,4,3.5
H3206,Presbyterian Healthcare Services,3,4,5,2,NA,NA,NA,NA,3,4,4,3,2,4,2,2,2,3,4,2,2,3,5,4,3,5,4,5,0,3.5,3.5
H3213,CareSource,NA,NA,NA,NA,NA,NA,NA,NA,NA,NA,NA,NA,NA,NA,NA,NA,NA,NA,NA,NA,NA,NA,NA,NA,NA,NA,NA,5,1,NA,NA
H3219,Allina Health and Aetna Insurance Holding Company,NA,4,5,3,NA,NA,NA,NA,4,3,5,5,1,2,4,5,5,5,3,4,3,5,5,5,NA,5,5,5,0,4.5,4.5
H3237,Centene Corporation,NA,NA,NA,NA,NA,NA,NA,NA,NA,NA,NA,NA,NA,NA,NA,NA,NA,NA,NA,NA,NA,NA,NA,NA,NA,NA,NA,NA,0,NA,NA
H3239,CVS Health Corporation,NA,2,2,3,3,5,3,NA,2,4,3,NA,NA,NA,5,NA,3,4,5,4,4,4,3,3,NA,NA,NA,5,0,3.5,3.5
H3240,Anthem Inc.,3,3,2,3,3,5,4,NA,3,4,3,2,5,3,2,3,2,3,3,3,4,2,3,3,3,4,5,5,0,3.5,3.5
H3251,Health Care Service Corporation,5,4,5,3,4,5,4,2,4,3,4,4,2,1,4,3,2,2,3,2,2,2,5,4,3,4,3,3,0,3,3.5
H3256,"UnitedHealth Group, Inc. ",NA,NA,NA,NA,NA,NA,NA,NA,NA,NA,NA,NA,NA,NA,NA,NA,NA,NA,NA,NA,NA,NA,NA,NA,NA,NA,NA,5,1,NA,NA
H3259,BlueCross BlueShield of Tennessee,4,4,2,2,3,4,4,4,5,4,4,2,3,2,3,2,5,4,5,4,5,5,5,5,4,5,5,5,0,4.5,4
H3274,"Innovative Long Term Care Management, Inc. ",NA,NA,NA,NA,NA,NA,NA,NA,NA,NA,NA,NA,NA,NA,NA,NA,NA,NA,NA,NA,NA,NA,NA,NA,NA,NA,NA,NA,1,NA,NA
H3276,"EmblemHealth, Inc. ",NA,NA,1,5,3,3,2,NA,2,3,2,NA,NA,NA,2,NA,2,2,NA,NA,3,NA,4,3,NA,NA,NA,4,0,3,3
H3281,"Bright Health Group, Inc. ",NA,NA,NA,NA,NA,NA,NA,NA,NA,NA,NA,NA,NA,NA,NA,NA,NA,NA,NA,NA,NA,NA,NA,NA,NA,NA,NA,5,0,NA,NA
H3288,CVS Health Corporation,4,3,4,NA,NA,NA,NA,3,3,4,4,3,NA,NA,5,2,2,3,1,2,1,3,4,3,NA,5,5,5,0,3.5,3
H3291,"UNICO Premier, LLC ",1,1,NA,NA,5,5,5,NA,5,3,2,NA,NA,NA,NA,NA,NA,NA,NA,NA,NA,NA,5,5,NA,NA,NA,1,0,NA,NA
H3293,"Summit Master Company, LLC ",NA,3,1,3,4,4,4,NA,2,5,3,NA,NA,NA,2,3,NA,3,NA,NA,3,NA,4,2,NA,5,2,5,0,3.5,3.5
H3305,"MVP Health Care, Inc. ",5,5,5,4,NA,NA,NA,2,5,4,4,4,2,3,2,4,5,5,5,5,5,4,5,5,4,5,4,4,0,4.5,4.5
H3307,"UnitedHealth Group, Inc. ",3,4,3,3,NA,NA,NA,3,5,5,5,4,3,2,2,4,3,2,2,2,1,NA,5,4,5,5,5,5,0,3.5,3.5
H3312,CVS Health Corporation,4,3,4,3,NA,NA,NA,3,3,4,5,3,3,3,5,3,3,3,2,3,2,3,5,4,4,5,5,5,0,3.5,3.5
H3330,"EmblemHealth, Inc. ",5,4,2,3,3,4,4,4,5,5,4,5,3,1,2,3,1,1,3,1,1,2,5,4,3,4,5,4,0,3,3
H3335,"Lifetime Healthcare, Inc. ",5,5,4,3,NA,NA,NA,2,5,4,5,5,1,3,3,4,4,4,4,4,4,5,5,5,3,5,4,5,0,4.5,4.5
H3342,Anthem Inc.,4,5,NA,1,NA,NA,NA,NA,5,NA,5,NA,NA,NA,4,NA,NA,NA,NA,NA,NA,NA,NA,NA,NA,NA,NA,5,0,NA,NA
H3344,"Independent Health Association, Inc. ",5,4,5,4,NA,NA,NA,NA,5,5,5,3,2,5,3,4,5,5,5,5,5,3,5,5,4,5,5,5,0,5,5
H3347,"Elderplan, Inc. ",3,2,2,5,5,3,5,NA,3,4,3,3,5,3,4,3,2,2,3,1,2,NA,5,3,5,5,4,5,0,3.5,3.5
H3351,"Lifetime Healthcare, Inc. ",5,4,5,4,NA,NA,NA,2,5,4,5,4,2,3,3,4,4,5,4,4,4,5,5,5,3,4,4,5,0,4.5,5
H3359,"Healthfirst, Inc. ",5,4,3,5,3,4,5,4,5,5,4,4,4,4,4,4,3,1,3,4,4,3,5,5,3,4,5,5,0,4,4
H3362,"Independent Health Association, Inc. ",5,4,5,4,5,5,5,2,5,4,5,3,2,4,3,4,5,5,5,5,5,4,5,5,5,5,5,5,0,5,5
H3379,"UnitedHealth Group, Inc. ",4,4,4,2,5,5,5,2,5,4,5,4,3,3,3,4,3,3,NA,3,1,2,5,4,4,5,5,5,0,4,4
H3384,Highmark Health,5,4,5,3,NA,NA,NA,4,5,5,5,5,1,3,3,5,5,4,5,4,4,3,5,5,4,5,5,5,0,4.5,4.5
H3387,"UnitedHealth Group, Inc. ",4,4,4,4,3,4,4,3,5,5,5,4,5,4,2,4,2,1,NA,2,3,3,5,3,4,5,5,5,0,4,4
H3388,"Capital District Physicians' Health Plan, Inc. ",5,5,5,4,NA,NA,NA,2,5,4,5,4,2,4,4,4,5,5,5,5,5,4,5,5,4,5,5,5,0,5,5
H3404,Blue Cross and Blue Shield of North Carolina,5,5,5,4,NA,NA,NA,2,4,3,5,3,2,1,4,3,5,5,5,5,4,5,5,5,5,5,5,5,0,5,4.5
H3407,El Paso County Hospital District,NA,NA,NA,NA,NA,NA,NA,NA,NA,NA,NA,NA,NA,NA,NA,NA,NA,NA,NA,NA,NA,NA,NA,NA,NA,NA,NA,3,0,NA,NA
H3416,"HealthPartners UnityPoint Health, Inc. ",5,4,5,4,NA,NA,NA,NA,3,4,4,NA,2,4,4,4,5,5,5,5,5,5,5,5,5,NA,NA,4,0,5,5
H3418,"UnitedHealth Group, Inc. ",4,5,5,NA,NA,NA,NA,NA,5,5,5,4,NA,NA,2,1,1,1,NA,1,1,NA,5,4,NA,5,5,5,0,3.5,3.5
H3419,"Perennial Consortium, LLC ",NA,NA,NA,NA,NA,NA,NA,NA,NA,NA,NA,NA,NA,NA,NA,NA,NA,NA,NA,NA,NA,NA,NA,NA,NA,NA,NA,5,1,NA,NA
H3442,"UnitedHealth Group, Inc. ",5,5,4,NA,NA,NA,NA,2,4,4,5,4,NA,NA,3,4,2,3,2,2,2,2,4,4,NA,5,5,5,0,3.5,3.5
H3443,"Alignment Healthcare USA, LLC ",NA,NA,NA,NA,NA,NA,NA,NA,NA,NA,NA,NA,NA,NA,NA,NA,NA,NA,NA,NA,NA,NA,NA,NA,NA,NA,NA,NA,1,NA,NA
H3447,Anthem Inc.,4,3,2,2,3,5,5,2,4,4,4,3,3,3,3,3,3,3,4,3,3,3,4,4,3,4,5,5,0,3.5,3.5
H3449,Blue Cross and Blue Shield of North Carolina,5,5,4,4,NA,NA,NA,1,3,4,5,3,3,2,4,3,5,5,5,5,4,4,5,5,4,5,5,5,0,4.5,4.5
H3464,"UnitedHealth Group, Inc. ",4,4,2,2,NA,NA,NA,1,4,4,4,4,2,1,2,3,4,3,4,2,3,4,5,4,4,5,5,5,0,3.5,3.5
H3467,First Sacramento Capital Funding LLC,NA,NA,NA,NA,4,3,1,NA,NA,NA,NA,NA,NA,NA,NA,NA,NA,NA,NA,NA,NA,NA,NA,NA,NA,NA,NA,5,0,NA,NA
H3471,The Carle Foundation,4,4,4,3,NA,NA,NA,4,4,4,4,5,2,2,3,4,3,5,5,3,2,4,5,5,5,5,3,3,0,4,4
H3499,Centene Corporation,3,3,3,2,3,4,4,NA,2,4,3,NA,2,NA,2,2,4,4,4,5,3,4,3,3,NA,NA,NA,5,0,3.5,3.5
H3528,"EmblemHealth, Inc. ",5,4,5,4,NA,NA,NA,2,4,3,5,4,1,1,4,4,5,5,5,4,4,3,5,4,2,5,4,4,0,4,4
H3533,Humana Inc.,3,4,2,3,4,4,5,2,5,5,5,3,3,2,4,4,4,3,4,3,3,4,5,3,5,5,5,5,0,4,4
H3536,Anthem Inc.,3,4,3,4,NA,NA,NA,NA,4,3,4,NA,3,1,3,4,4,5,2,3,2,3,4,3,3,NA,NA,5,0,3.5,3.5
H3554,USAble Mutual Insurance Company,NA,NA,NA,NA,NA,NA,NA,NA,NA,NA,NA,NA,NA,NA,NA,NA,NA,NA,NA,NA,NA,NA,NA,NA,NA,NA,NA,4,1,NA,NA
H3557,Blue Cross & Blue Shield of Rhode Island,5,5,5,NA,NA,NA,NA,NA,5,4,5,4,NA,NA,3,4,4,4,5,4,5,4,5,5,NA,NA,NA,5,0,5,5
H3561,Centene Corporation,4,4,3,5,4,5,5,3,5,5,4,4,4,5,3,3,2,2,2,3,4,2,5,3,4,3,5,5,0,3.5,4
H3597,CVS Health Corporation,5,5,5,3,NA,NA,NA,3,5,4,5,4,2,3,5,3,5,5,5,5,4,5,5,5,3,5,5,5,0,5,5
H3632,Medica Holding Company,NA,NA,NA,NA,NA,NA,NA,NA,NA,NA,NA,NA,NA,NA,NA,NA,NA,NA,NA,NA,NA,NA,NA,NA,NA,NA,NA,5,0,NA,NA
H3653,"Promedica Health System, Inc. ",5,4,5,3,NA,NA,NA,3,4,4,5,3,2,1,4,3,5,5,5,5,5,4,5,5,3,4,5,4,0,4.5,4
H3655,Anthem Inc.,4,4,5,2,3,5,5,2,5,4,5,4,2,2,5,4,5,5,3,5,4,4,5,5,2,4,5,5,0,4.5,4
H3660,Summa Health System Community,4,4,5,3,NA,NA,NA,3,4,4,5,3,2,2,4,3,5,5,5,5,5,5,5,5,4,5,5,5,0,5,4.5
H3664,Aultman Health Foundation,5,4,5,4,NA,NA,NA,5,5,5,5,5,2,2,2,3,5,4,5,5,5,5,5,5,5,5,5,5,0,5,5
H3668,Trinity Health Corporation,4,4,5,3,NA,NA,NA,2,3,4,4,3,2,3,2,4,5,5,5,5,5,5,5,5,4,5,5,4,0,4.5,4.5
H3672,"The Health Plan of West Virginia, Inc. ",3,3,3,1,4,5,5,3,3,3,4,5,2,2,3,2,5,5,5,5,5,5,5,5,2,5,5,5,0,4,4.5
H3706,"MHH Healthcare, LLC ",4,5,4,2,NA,NA,NA,4,5,5,5,3,2,1,5,2,5,5,5,4,4,5,5,4,4,4,3,4,0,4,4
H3708,"American Health Companies, Inc. ",NA,NA,NA,NA,5,4,5,NA,NA,NA,NA,NA,NA,NA,NA,NA,NA,NA,NA,NA,NA,NA,NA,NA,NA,NA,NA,4,0,NA,NA
H3727,"SNP Holdings, LLC ",NA,NA,NA,NA,NA,NA,NA,NA,NA,NA,NA,NA,NA,NA,NA,NA,NA,NA,NA,NA,NA,NA,NA,NA,NA,NA,NA,4,1,NA,NA
H3748,CVS Health Corporation,5,5,3,NA,NA,NA,NA,3,4,4,5,5,NA,NA,5,5,2,5,3,3,2,3,4,4,NA,4,4,5,0,4,3.5
H3749,"UnitedHealth Group, Inc. ",4,5,5,2,NA,NA,NA,4,4,5,5,3,2,1,3,2,4,4,4,4,4,3,5,4,3,5,5,5,0,4,4
H3755,St Francis Health System & St John Health System,5,5,5,3,NA,NA,NA,4,5,4,5,5,2,2,4,3,4,4,5,4,5,4,5,5,3,5,5,1,0,4,4
H3777,"EXPERIENCE HEALTH, INC. ",NA,NA,5,NA,NA,NA,NA,NA,3,5,5,NA,NA,NA,4,NA,5,5,5,5,5,5,4,3,NA,NA,NA,5,0,5,4
H3794,"UnitedHealth Group, Inc. ",4,5,2,3,4,5,5,NA,5,5,5,5,4,3,3,4,4,5,4,5,5,5,5,4,5,5,5,5,0,5,5
H3800,"Rifkin Managed Care Holding, LLC ",NA,NA,NA,NA,5,5,5,NA,1,NA,2,NA,NA,NA,NA,NA,NA,NA,NA,NA,NA,NA,NA,5,NA,NA,NA,4,0,NA,NA
H3805,"UnitedHealth Group, Inc. ",4,5,5,4,NA,NA,NA,4,5,5,5,4,2,4,4,4,3,4,4,3,2,3,5,5,4,5,5,5,0,4,4.5
H3810,"AllCare Health, Inc. ",3,3,1,2,NA,NA,NA,NA,5,3,5,2,2,3,5,4,3,5,5,4,4,3,5,5,4,5,4,4,0,4,3.5
H3811,Samaritan Health Services,4,4,4,3,1,4,4,NA,4,4,5,5,2,3,3,4,4,5,5,4,4,4,5,5,3,4,3,4,0,4,4
H3813,"Moda Partners, Inc. ",4,4,3,3,NA,NA,NA,4,5,3,4,4,1,5,2,4,3,4,4,2,2,3,5,5,2,5,4,4,0,3.5,3.5
H3814,ATRIO Health Plans,2,3,1,2,1,4,4,NA,4,3,3,NA,3,4,2,3,4,4,5,2,3,2,5,5,3,5,4,4,0,3.5,3.5
H3815,"Alignment Healthcare USA, LLC ",5,5,4,3,4,5,5,5,5,5,5,5,2,2,5,5,2,2,4,3,5,1,5,4,4,5,5,5,0,4,4
H3817,"Cambia Health Solutions, Inc. ",5,5,5,4,NA,NA,NA,4,5,4,5,4,1,3,4,4,4,5,5,4,4,3,5,5,3,5,5,5,0,4.5,4.5
H3822,Health Care Service Corporation,4,4,4,4,NA,NA,NA,2,4,5,4,3,2,1,4,4,2,3,2,3,2,3,5,4,4,4,3,3,0,3.5,3.5
H3832,Hawaii Medical Service Association,5,5,5,4,5,5,5,4,5,5,5,3,3,2,4,3,3,3,3,3,4,3,5,5,5,5,5,5,0,4.5,4.5
H3864,PacificSource,4,5,5,3,NA,NA,NA,1,4,5,4,4,1,2,4,4,4,5,5,3,3,4,5,5,2,5,5,4,0,4,4
H3890,Johns Hopkins Healthcare LLC,4,4,4,3,NA,NA,NA,NA,3,3,4,3,2,2,3,4,3,3,3,4,1,3,5,4,2,3,3,5,0,3.5,3.5
H3907,UPMC Health System,5,4,4,2,NA,NA,NA,2,5,4,5,3,2,3,4,4,5,5,5,5,5,5,5,5,4,5,5,5,0,5,5
H3909,"Independence Health Group, Inc. ",4,4,5,4,NA,NA,NA,1,5,4,4,4,2,5,3,4,4,5,4,5,5,4,5,5,4,5,4,5,0,4.5,4.5
H3916,Highmark Health,5,5,5,3,NA,NA,NA,3,4,4,5,4,2,3,4,4,5,5,5,4,5,5,5,5,4,5,5,5,0,5,5
H3923,Capital BlueCross,4,4,5,3,NA,NA,NA,2,4,4,4,3,2,3,3,3,5,5,4,4,4,4,5,5,4,5,4,5,0,4.5,4.5
H3924,Geisinger Health,3,3,3,2,NA,NA,NA,4,3,3,4,4,1,3,4,3,4,5,5,5,4,5,5,4,4,5,5,4,0,4,4
H3928,CVS Health Corporation,4,4,2,3,NA,NA,NA,NA,3,4,5,NA,NA,NA,5,5,4,3,5,4,3,4,5,3,3,NA,NA,5,0,4,4
H3931,CVS Health Corporation,4,4,4,2,NA,NA,NA,4,4,5,5,3,3,1,5,4,3,4,3,3,3,4,5,3,5,5,5,5,0,4,4
H3949,CIGNA,4,4,5,4,2,4,5,4,5,5,4,3,4,2,5,4,3,4,4,4,4,4,5,5,1,5,5,5,0,4.5,4
H3952,"Independence Health Group, Inc. ",4,4,5,4,NA,NA,NA,2,5,4,5,3,3,3,4,4,5,4,5,5,5,4,5,5,5,5,5,5,0,5,5
H3954,Geisinger Health,4,4,4,1,3,4,4,2,5,4,5,4,3,2,5,4,4,4,5,4,5,5,5,5,5,5,5,4,0,4.5,4.5
H3957,Highmark Health,4,4,4,2,NA,NA,NA,4,5,5,5,3,3,2,5,4,5,5,5,5,5,4,5,5,5,5,5,5,0,5,5
H3959,CVS Health Corporation,4,4,4,1,3,5,5,3,4,5,5,3,3,2,5,3,5,5,5,5,4,5,5,5,4,4,5,5,0,4.5,4.5
H3962,Capital BlueCross,4,3,4,3,NA,NA,NA,1,3,4,4,5,3,4,3,4,5,5,5,4,4,5,5,5,4,5,5,5,0,4.5,4.5
H3975,Centene Corporation,NA,NA,NA,NA,NA,NA,NA,NA,NA,NA,NA,NA,NA,NA,NA,NA,NA,NA,NA,NA,NA,NA,NA,NA,NA,NA,NA,5,1,NA,NA
H3979,Health Care Service Corporation,3,4,4,2,NA,NA,NA,NA,2,4,4,3,1,3,5,2,5,4,3,5,2,5,4,3,4,4,4,3,0,3.5,3.5
H4003,Anthem Inc.,5,5,1,4,5,5,5,5,5,5,5,5,4,3,4,4,2,1,4,4,5,3,5,5,4,5,5,4,0,4,4.5
H4004,Anthem Inc.,5,5,1,3,5,5,5,5,5,5,5,5,4,3,4,4,3,1,3,5,5,3,5,3,4,5,5,4,0,4,4.5
H4005,Triple-S Management Corporation,4,5,1,5,NA,NA,NA,4,5,5,4,4,3,5,2,3,1,1,3,5,5,2,5,5,3,NA,NA,5,0,3.5,4
H4007,Humana Inc.,5,5,1,4,4,5,5,5,5,5,5,4,5,4,4,5,2,1,4,5,5,4,5,3,4,3,5,5,0,4,4.5
H4036,Anthem Inc.,5,5,5,3,NA,NA,NA,2,5,5,5,5,3,3,5,3,4,4,4,4,4,4,5,5,4,5,5,5,0,4.5,4.5
H4054,"Rifkin Managed Care Holding, LLC ",NA,NA,NA,NA,NA,NA,NA,NA,NA,NA,NA,NA,NA,NA,NA,NA,NA,NA,NA,NA,NA,NA,NA,NA,NA,NA,NA,NA,1,NA,NA
H4073,Centene Corporation,NA,NA,NA,NA,NA,NA,NA,NA,NA,NA,NA,NA,NA,NA,NA,NA,NA,NA,NA,NA,NA,NA,NA,NA,NA,NA,NA,NA,1,NA,NA
H4091,"Associated Care Ventures, Inc. ",1,1,NA,NA,4,5,5,NA,1,3,2,NA,NA,NA,NA,NA,NA,NA,NA,NA,NA,NA,5,5,NA,NA,NA,5,0,NA,NA
H4093,"Rifkin Managed Care Holding, LLC ",NA,5,NA,NA,5,5,5,NA,NA,NA,NA,NA,NA,NA,NA,NA,NA,NA,NA,NA,NA,NA,NA,5,NA,NA,NA,4,0,NA,NA
H4094,"UnitedHealth Group, Inc. ",NA,3,2,5,4,3,3,NA,5,4,4,NA,4,NA,2,NA,2,1,2,3,2,NA,4,4,NA,5,5,5,0,3.5,3.5
H4140,"DOCTORS HEALTHCARE PLANS, INC. ",NA,1,1,5,4,2,2,NA,3,5,4,1,NA,NA,1,3,4,1,5,5,5,5,5,4,NA,5,2,5,0,3.5,3.5
H4141,Humana Inc.,4,5,3,4,4,5,5,3,4,5,5,3,3,1,5,4,4,3,3,3,4,4,5,4,3,5,5,5,0,4,4
H4152,Blue Cross & Blue Shield of Rhode Island,5,5,5,4,NA,NA,NA,3,5,4,5,4,2,3,4,4,4,4,4,4,4,3,5,5,5,5,5,5,0,5,5
H4172,"Missouri Healthcare Advisors, LLC ",NA,1,NA,NA,5,5,5,NA,3,5,3,NA,NA,NA,NA,NA,NA,NA,NA,NA,NA,NA,5,5,NA,NA,NA,5,0,4,5
H4198,St Francis Health System & St John Health System,4,4,4,3,NA,NA,NA,NA,4,4,5,NA,1,3,5,2,3,4,5,3,4,4,5,2,3,NA,NA,1,0,3.5,3.5
H4213,USAble Mutual Insurance Company,4,4,3,1,NA,NA,NA,NA,2,3,4,4,2,2,3,2,4,3,NA,3,2,3,5,3,4,NA,NA,4,0,3.5,3.5
H4227,"Independence Health Group, Inc. ",4,4,4,4,2,5,4,NA,4,4,4,4,5,2,5,5,4,4,5,3,5,4,5,4,5,5,4,5,0,4.5,4.5
H4232,"American Health Companies, Inc. ",NA,NA,NA,NA,NA,NA,NA,NA,NA,NA,NA,NA,NA,NA,NA,NA,NA,NA,NA,NA,NA,NA,NA,NA,NA,NA,NA,4,1,NA,NA
H4279,UPMC Health System,3,4,2,3,3,4,4,2,5,4,4,3,4,3,3,3,4,5,5,4,5,4,5,5,4,5,5,5,0,4.5,4.5
H4286,"Leon Health Holdings, LLC ",NA,NA,NA,NA,NA,NA,NA,NA,NA,NA,NA,NA,NA,NA,NA,NA,NA,NA,NA,NA,NA,NA,NA,NA,NA,NA,NA,NA,1,NA,NA
H4304,University of Utah,NA,NA,NA,NA,NA,NA,NA,NA,NA,NA,NA,NA,NA,NA,NA,NA,NA,NA,NA,NA,NA,NA,NA,NA,NA,NA,NA,4,1,NA,NA
H4343,Centene Corporation,NA,NA,NA,NA,NA,NA,NA,NA,NA,NA,NA,NA,NA,NA,NA,NA,NA,NA,NA,NA,NA,NA,NA,NA,NA,NA,NA,5,1,NA,NA
H4346,Anthem Inc.,3,4,2,4,4,5,5,NA,5,5,4,2,3,4,4,4,1,2,4,2,3,1,4,3,3,5,5,5,0,3.5,3.5
H4388,"Marshfield Clinic Health System, Inc. ",3,2,1,1,NA,NA,NA,NA,2,3,3,NA,1,1,2,NA,4,5,4,3,2,5,5,4,3,NA,NA,NA,0,3,NA
H4407,CIGNA,5,5,3,2,4,5,5,NA,5,5,5,3,2,2,5,3,5,4,5,4,4,5,5,4,4,5,5,5,0,4.5,4.5
H4461,Humana Inc.,5,5,4,3,4,5,5,4,5,5,5,4,2,4,5,3,5,5,5,5,5,5,5,5,5,4,5,5,0,5,5
H4490,"American Health Companies, Inc. ",NA,NA,NA,NA,5,4,3,NA,NA,NA,NA,NA,NA,NA,NA,NA,NA,NA,NA,NA,NA,NA,NA,NA,NA,NA,NA,4,0,NA,NA
H4497,MEDICAL MUTUAL OF OHIO,4,5,4,4,NA,NA,NA,1,4,4,5,4,2,4,3,4,5,5,5,5,4,5,5,5,5,5,4,5,0,5,5
H4506,Centene Corporation,4,4,4,3,NA,NA,NA,3,4,5,4,3,3,1,3,4,4,3,NA,4,3,4,5,4,4,4,5,5,0,4,4.5
H4513,CIGNA,5,5,5,3,3,5,5,5,5,5,5,4,2,3,5,4,4,2,3,4,5,3,5,5,3,5,5,5,0,4.5,4.5
H4514,"UnitedHealth Group, Inc. ",4,4,2,3,4,4,4,3,5,5,4,3,4,3,2,3,3,3,4,4,5,3,5,4,3,5,5,5,0,4,4
H4523,CVS Health Corporation,4,3,3,4,NA,NA,NA,4,4,5,4,3,3,1,5,4,2,3,3,2,3,3,5,3,2,5,5,5,0,3.5,3.5
H4527,"UnitedHealth Group, Inc. ",5,5,4,3,4,5,5,5,5,5,5,3,3,2,4,4,2,2,3,3,4,3,5,4,4,5,5,5,0,4,4
H4537,Centene Corporation,NA,NA,NA,NA,NA,NA,NA,NA,NA,NA,NA,NA,NA,NA,NA,NA,NA,NA,NA,NA,NA,NA,NA,NA,NA,NA,NA,NA,1,NA,NA
H4544,"UnitedHealth Group, Inc. ",NA,NA,NA,NA,NA,NA,NA,NA,NA,NA,NA,NA,NA,NA,NA,NA,NA,NA,NA,NA,NA,NA,NA,NA,NA,NA,NA,5,1,NA,NA
H4590,"UnitedHealth Group, Inc. ",5,5,4,4,4,5,5,4,5,5,5,3,3,3,4,4,4,4,4,5,5,5,5,5,3,5,5,5,0,5,5
H4604,"UnitedHealth Group, Inc. ",4,5,5,4,4,5,5,4,5,5,5,5,2,2,4,4,4,5,3,4,4,4,5,5,4,5,5,5,0,4.5,4.5
H4605,"Cambia Health Solutions, Inc. ",4,5,5,4,NA,NA,NA,2,5,3,5,5,2,5,3,4,5,5,5,5,5,5,5,5,3,5,5,5,0,5,4.5
H4623,Humana Inc.,4,4,3,2,NA,NA,NA,4,4,4,5,4,2,1,5,2,4,3,4,3,3,5,5,4,NA,5,4,5,0,4,4
H4624,"Zing Health Consolidator, Inc ",NA,NA,NA,NA,NA,NA,NA,NA,NA,NA,NA,NA,NA,NA,NA,NA,NA,NA,NA,NA,NA,NA,NA,NA,NA,NA,NA,4,1,NA,NA
H4675,"NJ Collaborative Care, LLC ",NA,NA,NA,NA,NA,NA,NA,NA,NA,NA,NA,NA,NA,NA,NA,NA,NA,NA,NA,NA,NA,NA,NA,NA,NA,NA,NA,5,1,NA,NA
H4676,"Troy Holdings, Inc. ",NA,NA,NA,NA,NA,NA,NA,NA,NA,NA,NA,NA,NA,NA,NA,NA,NA,NA,NA,NA,NA,NA,NA,NA,NA,NA,NA,4,0,NA,NA
H4699,Centene Corporation,NA,NA,NA,NA,NA,NA,NA,NA,NA,NA,NA,NA,NA,NA,NA,NA,NA,NA,NA,NA,NA,NA,NA,NA,NA,NA,NA,5,1,NA,NA
H4709,"Bright Health Group, Inc. ",NA,NA,NA,NA,NA,NA,NA,NA,NA,NA,NA,NA,NA,NA,NA,NA,NA,NA,NA,NA,NA,NA,NA,NA,NA,NA,NA,5,0,NA,NA
H4711,CVS Health Corporation,4,3,2,NA,NA,NA,NA,NA,3,4,4,1,NA,NA,5,3,2,3,3,2,2,1,4,3,NA,5,5,5,0,3.5,3
H4739,"Independence Health Group, Inc. ",NA,NA,NA,NA,NA,NA,NA,NA,NA,NA,NA,NA,NA,NA,NA,NA,NA,NA,NA,NA,NA,NA,NA,NA,NA,NA,NA,NA,1,NA,NA
H4754,PacificSource,4,4,2,2,NA,NA,NA,1,3,4,4,4,1,3,2,3,3,5,5,3,4,4,5,5,3,5,4,4,0,4,3.5
H4801,Health Care Service Corporation,NA,NA,NA,NA,NA,NA,NA,NA,NA,NA,NA,NA,NA,NA,NA,NA,NA,NA,NA,NA,NA,NA,NA,NA,NA,NA,NA,NA,1,NA,NA
H4829,"UnitedHealth Group, Inc. ",NA,NA,NA,NA,NA,NA,NA,NA,NA,NA,NA,NA,NA,NA,NA,NA,NA,NA,NA,NA,NA,NA,NA,NA,NA,NA,NA,5,1,NA,NA
H4835,CVS Health Corporation,4,4,2,NA,NA,NA,NA,NA,3,4,5,3,NA,NA,5,3,1,1,2,1,2,1,4,3,NA,5,5,5,0,3,3
H4847,Centene Corporation,5,3,3,4,4,2,2,NA,2,4,3,3,2,3,3,3,3,2,4,3,3,3,4,2,NA,5,5,5,0,3.5,3.5
H4853,"Bright Health Group, Inc. ",2,3,1,2,NA,NA,NA,NA,2,5,4,NA,NA,NA,3,5,1,2,3,2,3,NA,5,3,NA,1,3,5,0,3,3.5
H4868,Centene Corporation,3,3,2,3,3,3,4,4,3,4,3,2,4,NA,2,4,3,2,2,NA,2,NA,5,3,3,4,5,5,0,3.5,3.5
H4875,Spectrum Health System,5,5,5,3,NA,NA,NA,4,4,4,5,4,1,4,5,3,4,4,4,3,3,4,5,5,4,4,4,5,0,4.5,4
H4882,"HealthPartners, Inc. ",5,5,5,4,NA,NA,NA,1,5,4,5,5,2,3,5,5,5,5,5,5,4,5,5,5,5,5,5,4,0,5,5
H4909,Anthem Inc.,5,5,5,4,NA,NA,NA,2,5,4,4,5,3,5,4,3,4,3,4,5,4,3,5,5,3,3,5,5,0,4.5,4
H4922,"ParkerCare New York, LLC ",2,2,NA,3,5,4,4,NA,2,4,4,NA,NA,NA,2,NA,NA,NA,NA,NA,NA,NA,5,3,4,5,5,4,0,4,4
H4931,Banner Health,3,3,2,2,3,4,4,1,4,5,4,3,3,NA,3,3,3,2,2,3,4,3,5,4,4,5,4,5,0,3.5,3.5
H4937,California Physicians' Service,NA,NA,NA,NA,NA,NA,NA,NA,NA,NA,NA,NA,NA,NA,NA,NA,NA,NA,NA,NA,NA,NA,NA,NA,NA,NA,NA,5,0,NA,NA
H4961,"Alignment Healthcare USA, LLC ",NA,NA,NA,NA,NA,NA,NA,NA,NA,NA,NA,NA,NA,NA,NA,NA,NA,NA,NA,NA,NA,NA,NA,NA,NA,NA,NA,5,0,NA,NA
H4982,CVS Health Corporation,5,5,2,NA,NA,NA,NA,NA,4,4,5,2,NA,NA,4,2,1,2,2,1,1,1,3,3,NA,4,5,5,0,3,3
H5008,"UnitedHealth Group, Inc. ",3,4,2,4,3,4,5,4,4,4,4,3,4,3,3,4,1,2,3,3,4,3,5,4,3,5,5,5,0,3.5,4
H5009,"Cambia Health Solutions, Inc. ",4,5,5,4,NA,NA,NA,2,4,4,4,4,2,4,2,4,4,5,5,3,2,4,5,5,3,5,5,5,0,4,4
H5010,"Cambia Health Solutions, Inc. ",5,4,5,3,NA,NA,NA,NA,4,3,5,NA,NA,NA,3,NA,5,5,4,4,4,5,5,NA,5,NA,NA,5,0,5,5
H5015,Regency ISNP Holdings LLC,NA,NA,NA,NA,1,NA,NA,NA,NA,NA,NA,NA,NA,NA,NA,NA,NA,NA,NA,NA,NA,NA,NA,5,NA,4,3,4,0,NA,NA
H5042,"Capital District Physicians' Health Plan, Inc. ",5,5,5,4,NA,NA,NA,NA,5,5,5,5,1,4,4,4,5,5,5,5,5,4,5,5,3,NA,NA,5,0,5,5
H5050,"Kaiser Foundation Health Plan, Inc. ",5,5,5,3,NA,NA,NA,4,5,5,5,5,2,3,5,5,3,5,4,4,4,4,5,5,5,5,5,5,0,5,5
H5087,Centene Corporation,4,5,4,4,2,5,5,5,5,5,4,2,4,NA,4,4,NA,NA,NA,NA,4,NA,5,4,3,5,5,5,0,4.5,5
H5106,Highmark Health,4,5,4,1,NA,NA,NA,NA,3,4,5,4,2,4,4,3,5,5,5,4,5,4,5,5,5,5,5,5,0,5,4.5
H5117,Centene Corporation,NA,2,NA,1,5,NA,NA,NA,3,4,2,NA,NA,NA,5,NA,NA,NA,NA,NA,NA,NA,NA,NA,NA,NA,NA,5,0,NA,NA
H5126,"Oscar Health, Inc. ",NA,NA,NA,NA,NA,NA,NA,NA,2,5,3,NA,NA,NA,1,NA,NA,NA,NA,NA,NA,NA,NA,NA,NA,NA,NA,1,0,NA,NA
H5140,Blue Cross Blue Shield of Arizona,NA,NA,NA,NA,NA,NA,NA,NA,NA,NA,NA,NA,NA,NA,NA,NA,NA,NA,NA,NA,NA,NA,NA,NA,NA,5,4,5,0,NA,NA
H5141,"Clover Health Holdings, Inc. ",3,4,2,3,NA,NA,NA,5,4,5,4,3,3,3,3,3,3,3,2,3,4,3,5,4,3,4,4,4,0,3.5,3.5
H5172,Community Health Group,NA,NA,NA,NA,NA,NA,NA,NA,NA,NA,NA,NA,NA,NA,NA,NA,NA,NA,NA,NA,NA,NA,NA,NA,NA,NA,NA,NA,0,NA,NA
H5178,Humana Inc.,NA,NA,NA,NA,NA,NA,NA,NA,NA,NA,NA,NA,NA,NA,NA,NA,NA,NA,NA,NA,NA,NA,NA,NA,NA,NA,NA,5,0,NA,NA
H5190,Centene Corporation,4,3,1,5,3,5,4,NA,4,4,4,NA,4,NA,1,4,4,3,4,NA,3,NA,3,2,3,NA,NA,5,0,3.5,3.5
H5199,Centene Corporation,3,2,1,2,NA,NA,NA,NA,1,3,3,1,2,2,3,NA,3,3,2,2,1,2,1,2,NA,NA,NA,5,0,2.5,3
H5209,"My Choice Wisconsin, Inc. ",2,4,5,2,5,5,5,NA,4,4,4,NA,5,5,5,3,4,5,4,4,3,4,5,5,3,NA,NA,5,0,4.5,5
H5211,"Marshfield Clinic Health System, Inc. ",5,4,4,2,4,5,5,1,5,4,4,5,2,2,4,4,5,5,5,4,5,5,5,5,3,5,4,4,0,4.5,4.5
H5215,"Network Health, Inc. ",5,5,4,3,4,5,5,2,5,5,5,5,2,4,5,3,5,5,5,5,4,5,5,5,4,4,3,5,0,5,5
H5216,Humana Inc.,4,5,4,4,5,5,5,3,4,4,5,4,2,4,4,3,4,4,NA,4,2,4,5,4,3,5,5,5,0,4.5,4
H5232,"Promedica Health System, Inc. ",NA,NA,NA,NA,NA,NA,NA,NA,NA,NA,NA,NA,NA,NA,NA,NA,NA,NA,NA,NA,NA,NA,NA,NA,NA,NA,NA,4,0,NA,NA
H5253,"UnitedHealth Group, Inc. ",4,5,4,3,4,5,5,3,4,5,5,4,2,2,3,4,5,5,4,5,4,4,5,5,5,5,5,5,0,5,5
H5256,"Medical Associates Clinic, P.C. ",5,4,5,2,NA,NA,NA,NA,5,4,5,NA,3,2,NA,NA,5,5,5,5,5,5,5,5,5,NA,NA,NA,0,5,NA
H5262,University of Wisconsin Hospitals and Clincs Autho,5,5,5,3,NA,NA,NA,3,5,4,5,5,3,3,5,5,5,5,5,5,5,5,5,5,3,5,4,5,0,5,5
H5264,SSM Health Care Corporation,4,5,5,3,NA,NA,NA,NA,5,4,5,NA,3,2,NA,NA,5,5,5,5,5,5,5,5,5,5,5,NA,0,5,NA
H5273,"Point32Health, Inc. ",NA,4,5,5,NA,NA,NA,NA,4,4,5,NA,2,1,3,NA,5,5,5,5,3,5,4,4,NA,5,4,5,0,4.5,4.5
H5280,"Molina Healthcare, Inc., ",NA,NA,NA,NA,NA,NA,NA,NA,NA,NA,NA,NA,NA,NA,NA,NA,NA,NA,NA,NA,NA,NA,NA,NA,NA,NA,NA,NA,0,NA,NA
H5294,Centene Corporation,3,3,5,5,5,5,5,NA,4,5,4,2,5,5,2,5,4,3,4,4,4,3,4,4,3,3,5,5,0,4,4
H5296,"Alignment Healthcare USA, LLC ",NA,NA,NA,NA,NA,NA,NA,NA,NA,NA,NA,NA,NA,NA,NA,NA,NA,NA,NA,NA,NA,NA,NA,NA,NA,NA,NA,5,1,NA,NA
H5302,CVS Health Corporation,5,4,1,5,5,5,4,NA,4,4,4,NA,NA,NA,5,NA,3,1,4,NA,3,NA,NA,3,NA,NA,NA,5,0,4,4
H5322,"UnitedHealth Group, Inc. ",4,4,2,3,4,4,5,3,5,5,4,4,4,4,3,4,4,3,5,5,5,4,5,3,4,5,5,5,0,4.5,4.5
H5325,CVS Health Corporation,3,3,2,4,4,5,4,NA,4,3,4,2,4,3,5,4,3,3,3,4,4,3,3,3,NA,NA,NA,5,0,3.5,4
H5355,INLAND EMPIRE HEALTH PLAN,NA,NA,NA,NA,NA,NA,NA,NA,NA,NA,NA,NA,NA,NA,NA,NA,NA,NA,NA,NA,NA,NA,NA,NA,NA,NA,NA,NA,0,NA,NA
H5373,"Promedica Health System, Inc. ",NA,NA,NA,NA,NA,NA,NA,NA,NA,NA,NA,NA,NA,NA,NA,NA,NA,NA,NA,NA,NA,NA,NA,NA,NA,NA,NA,4,1,NA,NA
H5374,"Longevity Health Founders, LLC ",NA,NA,NA,NA,NA,NA,NA,NA,NA,NA,NA,NA,NA,NA,NA,NA,NA,NA,NA,NA,NA,NA,NA,NA,NA,NA,NA,5,1,NA,NA
H5377,Humana Inc.,NA,NA,NA,NA,NA,NA,NA,NA,NA,NA,NA,NA,NA,NA,NA,NA,NA,NA,NA,NA,NA,NA,NA,NA,NA,NA,NA,5,0,NA,NA
H5386,Sharp Healthcare,5,5,4,4,NA,NA,NA,NA,5,5,5,4,2,4,4,5,4,5,5,5,5,5,5,5,4,5,5,4,0,5,5
H5398,Centene Corporation,NA,NA,NA,NA,NA,NA,NA,NA,NA,NA,NA,NA,NA,NA,NA,NA,NA,NA,NA,NA,NA,NA,NA,NA,NA,NA,NA,5,0,NA,NA
H5410,CIGNA,5,5,5,4,4,5,5,5,5,5,5,5,4,4,5,5,5,5,5,5,5,5,5,5,2,5,5,5,0,5,5
H5420,"UnitedHealth Group, Inc. ",5,5,1,5,4,5,5,5,5,5,5,4,4,5,5,4,3,2,4,5,5,4,5,4,4,5,5,5,0,4.5,5
H5422,Anthem Inc.,3,3,2,4,3,5,4,NA,3,4,4,3,4,2,2,5,3,3,4,3,3,4,3,2,4,4,5,5,0,3.5,3.5
H5425,SCAN Group,5,5,3,4,4,5,5,4,5,5,5,3,3,4,4,2,3,3,4,3,5,2,5,5,4,5,5,5,0,4.5,4.5
H5427,Anthem Inc.,5,5,2,4,5,5,5,5,5,5,5,5,3,2,5,4,3,4,3,3,4,3,5,4,4,5,5,5,0,4.5,4.5
H5430,Centene Corporation,3,2,1,2,NA,NA,NA,NA,4,4,3,2,2,1,4,2,3,3,2,3,3,3,4,3,2,5,5,5,0,3,3.5
H5431,Anthem Inc.,5,5,1,5,NA,NA,NA,4,5,5,5,5,NA,NA,5,5,5,5,5,5,5,5,5,4,5,5,5,5,0,5,5
H5433,Orange County Health Authority,3,3,3,2,2,4,4,NA,4,4,4,NA,NA,NA,3,2,4,4,NA,3,3,2,5,3,2,3,5,5,0,3.5,4
H5434,Guidewell Mutual Holding Corporation,5,5,3,4,NA,NA,NA,4,5,4,4,4,3,4,3,3,4,4,3,4,3,4,5,5,2,4,4,5,0,4,4
H5435,"UnitedHealth Group, Inc. ",2,3,3,1,NA,NA,NA,2,2,4,4,4,1,1,2,2,4,3,NA,3,1,4,5,4,3,5,5,5,0,3.5,3.5
H5439,Centene Corporation,3,4,2,3,NA,NA,NA,3,5,3,5,2,2,3,3,2,4,4,3,2,1,3,5,5,5,4,4,5,0,3.5,3.5
H5447,Bexar County Hospital District,NA,NA,NA,NA,NA,NA,NA,NA,NA,NA,NA,NA,NA,NA,NA,NA,NA,NA,NA,NA,NA,NA,NA,NA,NA,NA,NA,3,1,NA,NA
H5454,Group 1001,NA,NA,NA,NA,NA,NA,NA,NA,NA,NA,NA,NA,NA,NA,NA,NA,NA,NA,NA,NA,NA,NA,NA,NA,NA,NA,NA,1,0,NA,NA
H5471,Anthem Inc.,5,4,1,5,5,5,5,5,5,5,5,5,5,NA,4,3,3,3,4,5,5,4,5,3,4,4,5,5,0,4.5,4.5
H5475,Centene Corporation,3,3,2,2,1,4,4,1,4,5,3,2,3,3,2,3,3,3,NA,3,2,3,5,4,3,5,5,5,0,3.5,3.5
H5496,Imperial Health Plan of California,2,1,2,4,1,2,1,NA,1,4,5,NA,1,NA,1,NA,NA,1,NA,NA,1,NA,3,1,NA,2,2,4,0,2.5,2.5
H5521,CVS Health Corporation,5,5,5,3,NA,NA,NA,4,4,5,5,4,2,3,5,4,4,4,4,4,4,4,5,5,3,5,5,5,0,4.5,4.5
H5522,CVS Health Corporation,4,4,5,2,NA,NA,NA,3,4,4,5,3,3,3,5,4,5,5,5,5,5,5,5,5,3,5,5,5,0,5,5
H5525,Humana Inc.,4,4,3,2,4,5,5,4,3,4,5,4,1,3,5,3,5,5,3,4,3,5,5,4,4,5,5,5,0,4.5,4.5
H5526,Highmark Health,5,5,5,4,NA,NA,NA,4,5,4,5,5,3,5,3,5,5,5,4,5,5,3,5,5,5,5,4,5,0,5,5
H5528,"EmblemHealth, Inc. ",NA,NA,NA,NA,NA,NA,NA,NA,NA,NA,NA,NA,NA,NA,NA,NA,NA,NA,NA,NA,NA,NA,NA,NA,NA,NA,NA,NA,0,NA,NA
H5533,UPMC Health System,5,5,5,3,NA,NA,NA,2,5,4,5,5,2,4,4,4,5,5,4,4,4,5,5,4,4,5,5,5,0,5,5
H5549,Visiting Nurse Service of New York,5,5,5,5,5,4,5,NA,5,4,4,NA,5,3,5,5,3,3,3,3,2,3,3,5,5,5,4,5,0,4,4.5
H5576,Louisiana Health Service & Indemnity Company,4,3,3,2,3,4,4,5,5,4,4,5,2,2,3,2,5,3,5,4,4,5,5,4,4,5,5,4,0,4,4.5
H5577,"Medical Card System, Inc. ",5,5,1,5,4,5,5,5,5,5,5,5,4,2,4,4,3,1,5,5,5,3,5,4,5,5,5,5,0,4.5,4.5
H5580,Mercy Care,3,3,2,3,3,4,5,1,5,4,4,2,5,NA,3,2,3,2,3,3,4,3,5,5,3,5,4,4,0,3.5,3.5
H5587,Blue Cross Blue Shield of Arizona,2,2,1,2,4,4,3,NA,4,3,4,2,3,3,3,2,2,3,2,2,2,2,5,5,5,3,4,4,0,3.5,4
H5590,Centene Corporation,3,3,2,3,2,5,5,NA,4,4,4,2,3,NA,3,2,2,3,2,NA,2,NA,4,4,NA,3,5,5,0,3.5,3.5
H5591,"Martin's Point Health Care, Inc. ",5,5,5,4,5,5,5,2,5,4,5,4,1,4,4,4,4,5,5,5,5,5,5,5,5,5,4,5,0,5,5
H5593,CVS Health Corporation,4,3,3,NA,2,5,4,NA,4,4,4,NA,NA,NA,5,NA,4,4,4,5,4,5,3,3,NA,NA,NA,5,0,4,4
H5594,Anthem Inc.,5,5,3,4,5,5,5,5,5,5,5,5,3,5,5,3,4,4,3,4,5,3,5,4,5,5,5,5,0,5,5
H5599,Centene Corporation,4,3,2,3,NA,4,4,4,4,4,4,5,5,NA,3,3,3,3,NA,3,2,NA,5,4,NA,4,3,5,0,3.5,4
H5608,Denver Health and Hospital Authority,3,4,3,4,3,4,4,NA,4,5,4,5,3,3,4,5,2,3,2,3,2,4,5,4,3,5,5,5,0,4,4
H5613,"MVP Health Care, Inc. ",NA,NA,NA,NA,NA,NA,NA,NA,NA,NA,NA,NA,NA,NA,NA,NA,NA,NA,NA,NA,NA,NA,NA,NA,NA,NA,NA,NA,0,NA,NA
H5619,Humana Inc.,4,5,2,3,4,5,5,3,4,5,4,4,2,3,4,3,4,4,3,3,4,4,5,4,4,5,5,5,0,4,4
H5628,"Molina Healthcare, Inc., ",2,4,3,4,1,4,4,1,3,3,4,2,3,3,2,4,3,4,2,4,3,4,5,4,3,4,3,5,0,3.5,3.5
H5644,"Network Health, Inc. ",NA,NA,NA,NA,NA,NA,NA,NA,NA,NA,NA,NA,NA,NA,NA,NA,NA,NA,NA,NA,NA,NA,NA,NA,NA,NA,NA,5,0,NA,NA
H5649,"Bright Health Group, Inc. ",3,4,4,4,4,4,5,5,5,5,5,2,3,NA,4,2,1,1,NA,1,2,NA,5,4,3,5,5,5,0,3.5,3.5
H5652,"UnitedHealth Group, Inc. ",5,5,5,5,5,5,5,NA,5,5,5,NA,4,3,4,NA,4,5,5,4,5,3,5,5,5,5,5,5,0,5,5
H5703,South Country Health Alliance,5,4,NA,NA,2,NA,NA,NA,5,3,4,NA,NA,NA,2,NA,NA,NA,NA,NA,NA,NA,NA,NA,NA,NA,NA,4,0,NA,NA
H5746,Anthem Inc.,2,3,2,2,NA,NA,NA,NA,3,3,4,4,3,3,3,NA,1,2,4,1,2,NA,5,3,NA,NA,NA,5,0,3,3
H5774,Triple-S Management Corporation,5,5,1,4,2,5,5,5,5,5,5,4,4,5,5,4,3,1,4,5,5,3,5,4,4,5,5,5,0,4.5,4.5
H5779,Centene Corporation,3,3,2,3,NA,NA,NA,NA,2,5,4,3,3,2,4,4,3,3,NA,NA,1,NA,4,2,1,5,5,5,0,3.5,3.5
H5793,CVS Health Corporation,4,4,4,3,NA,NA,NA,3,5,3,5,4,2,1,5,4,3,4,3,3,2,4,5,4,3,4,5,5,0,4,4
H5810,"Molina Healthcare, Inc., ",3,3,3,5,2,4,4,NA,5,5,4,NA,4,NA,2,4,3,2,2,4,4,NA,4,3,3,4,NA,5,0,3.5,3.5
H5823,"Molina Healthcare, Inc., ",2,3,2,4,1,4,4,1,4,4,4,2,4,NA,2,5,3,3,NA,NA,2,NA,5,4,3,4,4,5,0,3.5,3.5
H5826,Community Health Plan of Washington,4,4,3,5,2,4,3,NA,5,4,4,4,3,2,3,5,2,2,4,2,3,3,5,4,5,4,4,5,0,4,3.5
H5828,Anthem Inc.,NA,NA,NA,NA,NA,NA,NA,NA,NA,NA,NA,NA,NA,NA,NA,NA,NA,NA,NA,NA,NA,NA,NA,NA,NA,NA,NA,5,1,NA,NA
H5843,Banner Health,NA,NA,NA,NA,NA,NA,NA,NA,NA,NA,NA,NA,NA,NA,NA,NA,NA,NA,NA,NA,NA,NA,NA,NA,NA,NA,NA,5,1,NA,NA
H5852,AIDS Healthcare Foundation,NA,4,5,NA,1,5,5,NA,2,5,5,NA,NA,NA,4,NA,3,3,2,4,4,3,NA,NA,NA,NA,NA,3,0,3.5,4
H5854,Anthem Inc.,4,4,3,4,2,5,5,4,5,5,5,4,3,3,4,4,4,4,3,4,3,5,5,3,5,4,5,5,0,4.5,4.5
H5859,"CareOregon, Inc. ",2,3,2,4,2,4,5,2,5,3,4,5,4,3,5,2,1,4,3,3,4,4,5,5,3,5,4,5,0,4,4
H5883,Blue Cross Blue Shield of Michigan Mutual Ins. Co.,5,5,4,4,NA,NA,NA,5,5,5,5,4,1,4,4,3,4,3,3,3,4,3,5,5,5,5,5,5,0,4.5,5
H5900,Blue Cross Blue Shield of Michigan Mutual Ins. Co.,NA,NA,NA,NA,NA,NA,NA,NA,NA,NA,NA,NA,NA,NA,NA,NA,NA,NA,NA,NA,NA,NA,NA,NA,NA,NA,NA,NA,1,NA,NA
H5926,"Molina Healthcare, Inc., ",3,4,2,3,1,3,4,NA,3,4,3,3,5,NA,1,4,4,3,5,NA,4,NA,5,4,4,4,4,5,0,4,3.5
H5928,California Physicians' Service,4,4,4,5,1,3,3,4,5,5,4,4,3,3,3,3,1,1,2,3,4,2,5,3,4,4,5,5,0,3.5,3.5
H5932,"Gateway Health, LLC. ",3,4,3,3,1,4,4,3,3,4,4,4,4,NA,3,4,5,5,4,4,5,4,5,5,5,5,5,5,0,4.5,4.5
H5937,UCare Minnesota,4,4,3,NA,1,NA,NA,NA,4,3,4,5,NA,NA,2,5,4,5,4,4,4,4,5,5,4,NA,NA,5,0,4,4
H5938,Guidewell Mutual Holding Corporation,5,5,5,3,NA,NA,NA,5,5,5,5,5,2,3,4,4,5,4,5,5,5,4,5,5,3,5,5,5,0,5,5
H5943,SCAN Group,2,2,5,NA,5,4,5,NA,3,5,2,NA,NA,NA,2,NA,NA,2,NA,NA,4,NA,5,5,NA,NA,NA,4,0,3.5,4
H5945,"Universal Health Services, Inc. ",4,5,4,3,NA,NA,NA,NA,4,4,4,3,2,4,3,2,2,3,4,2,4,1,5,5,5,4,3,4,0,3.5,3.5
H5959,"Aware Integrated, Inc. ",5,5,5,2,NA,NA,NA,2,5,3,5,5,1,2,3,4,4,5,5,4,5,5,5,5,NA,4,4,4,0,4.5,4.5
H5965,Centene Corporation,NA,NA,NA,NA,NA,NA,NA,NA,NA,NA,NA,NA,NA,NA,NA,NA,NA,NA,NA,NA,NA,NA,NA,NA,NA,NA,NA,5,0,NA,NA
H5969,AlohaCare,2,2,1,4,3,5,3,NA,3,3,4,NA,3,NA,3,4,1,1,3,NA,4,3,5,5,3,NA,NA,4,0,3.5,3.5
H5970,Humana Inc.,4,5,4,2,4,5,5,4,4,4,5,5,2,3,5,5,4,4,4,3,3,4,5,4,4,4,5,5,0,4.5,4.5
H5989,"Healthfirst, Inc. ",NA,NA,NA,NA,NA,NA,NA,NA,NA,NA,NA,NA,NA,NA,NA,NA,NA,NA,NA,NA,NA,NA,NA,NA,NA,2,2,5,0,NA,NA
H5991,"EmblemHealth, Inc. ",5,3,3,3,2,3,3,NA,4,3,3,5,4,NA,4,4,1,1,NA,NA,1,NA,5,2,3,NA,NA,4,0,3,3
H5992,"Molina Healthcare, Inc., ",NA,NA,NA,NA,5,2,5,NA,NA,NA,NA,NA,NA,NA,NA,NA,NA,NA,NA,NA,NA,NA,NA,NA,NA,NA,NA,4,0,NA,NA
H5995,ATRIO Health Plans,3,3,3,3,1,3,3,NA,5,4,3,NA,5,NA,2,3,3,5,3,3,3,4,5,5,3,NA,NA,4,0,3.5,3.5
H6062,"MHH Healthcare, LLC ",NA,NA,NA,NA,NA,NA,NA,NA,NA,NA,NA,NA,NA,NA,NA,NA,NA,NA,NA,NA,NA,NA,NA,NA,NA,NA,NA,NA,1,NA,NA
H6067,"CareFirst, Inc. ",NA,NA,NA,NA,NA,NA,NA,NA,NA,NA,NA,NA,NA,NA,NA,NA,NA,NA,NA,NA,NA,NA,NA,NA,NA,NA,NA,3,1,NA,NA
H6078,Anthem Inc.,NA,NA,NA,NA,NA,NA,NA,NA,NA,NA,NA,NA,NA,NA,NA,NA,NA,NA,NA,NA,NA,NA,NA,NA,NA,NA,NA,NA,1,NA,NA
H6080,Centene Corporation,NA,NA,NA,NA,NA,NA,NA,NA,NA,NA,NA,NA,NA,NA,NA,NA,NA,NA,NA,NA,NA,NA,NA,NA,NA,NA,NA,NA,0,NA,NA
H6121,"Bright Health Group, Inc. ",NA,NA,NA,NA,NA,NA,NA,NA,NA,NA,NA,NA,NA,NA,NA,NA,NA,NA,NA,NA,NA,NA,NA,NA,NA,NA,NA,5,0,NA,NA
H6154,Medica Holding Company,4,4,5,3,NA,NA,NA,NA,5,3,5,NA,1,1,2,5,4,5,4,4,4,4,5,4,NA,NA,NA,5,0,4,4
H6158,USAble Mutual Insurance Company,NA,NA,NA,NA,NA,NA,NA,NA,NA,NA,NA,NA,NA,NA,NA,NA,NA,NA,NA,NA,NA,NA,NA,NA,NA,NA,NA,4,1,NA,NA
H6193,Centene Corporation,NA,NA,NA,NA,NA,NA,NA,NA,NA,NA,NA,NA,NA,NA,NA,NA,NA,NA,NA,NA,NA,NA,NA,NA,NA,NA,NA,NA,1,NA,NA
H6202,Blue Cross Blue Shield of Michigan Mutual Ins. Co.,NA,NA,NA,NA,NA,NA,NA,NA,NA,NA,NA,NA,NA,NA,NA,NA,NA,NA,NA,NA,NA,NA,NA,NA,NA,NA,NA,5,1,NA,NA
H6229,Anthem Inc.,NA,NA,NA,NA,NA,NA,NA,NA,NA,NA,NA,NA,NA,NA,NA,NA,NA,NA,NA,NA,NA,NA,NA,NA,NA,NA,NA,NA,0,NA,NA
H6237,"Cambia Health Solutions, Inc. ",5,5,5,4,NA,NA,NA,1,5,4,5,4,1,4,4,4,4,5,5,4,4,5,5,5,4,NA,NA,5,0,4.5,4.5
H6306,The Carle Foundation,5,5,5,3,NA,NA,NA,NA,3,5,5,2,1,4,5,4,5,4,4,5,4,5,5,5,5,5,5,3,0,4.5,4
H6316,Anthem Inc.,NA,NA,NA,NA,4,NA,NA,NA,NA,NA,1,NA,NA,NA,1,NA,NA,NA,NA,NA,NA,NA,NA,1,NA,5,5,5,0,NA,NA
H6322,McLaren Health Care Corporation,NA,NA,NA,NA,NA,NA,NA,NA,NA,NA,NA,NA,NA,NA,NA,NA,NA,NA,NA,NA,NA,NA,NA,NA,NA,NA,NA,NA,1,NA,NA
H6328,Texas Health Resources,3,4,4,4,NA,NA,NA,5,5,5,5,4,2,4,4,2,5,4,4,5,4,4,5,4,4,5,4,5,0,4.5,4
H6345,"UNICO Premier, LLC ",NA,NA,NA,NA,5,5,5,NA,NA,NA,NA,NA,NA,NA,NA,NA,NA,NA,NA,NA,NA,NA,NA,NA,NA,NA,NA,1,0,NA,NA
H6348,Centene Corporation,NA,NA,NA,NA,NA,NA,NA,NA,NA,NA,NA,NA,NA,NA,NA,NA,NA,NA,NA,NA,NA,NA,NA,NA,NA,NA,NA,5,0,NA,NA
H6351,Liberty Healthcare Insurance,NA,NA,NA,NA,5,5,5,NA,NA,NA,NA,NA,NA,NA,NA,NA,NA,NA,NA,NA,NA,NA,NA,NA,NA,NA,NA,4,0,NA,NA
H6379,Group 1001,NA,NA,NA,NA,NA,NA,NA,NA,NA,NA,NA,NA,NA,NA,NA,NA,NA,NA,NA,NA,NA,NA,NA,NA,NA,NA,NA,1,0,NA,NA
H6396,CareSource,3,3,1,3,3,5,5,NA,3,4,3,2,3,2,5,3,4,4,5,3,2,4,4,3,5,2,4,5,0,3.5,3.5
H6399,CVS Health Corporation,NA,NA,NA,NA,NA,NA,NA,NA,NA,NA,NA,NA,NA,NA,NA,NA,NA,NA,NA,NA,NA,NA,NA,NA,NA,NA,NA,4,1,NA,NA
H6446,Centene Corporation,NA,NA,NA,NA,NA,NA,NA,NA,NA,NA,NA,NA,NA,NA,NA,NA,NA,NA,NA,NA,NA,NA,NA,NA,NA,NA,NA,5,0,NA,NA
H6453,Louisiana Health Service & Indemnity Company,5,4,2,2,NA,NA,NA,2,3,4,4,4,2,3,2,3,5,2,4,4,4,5,5,5,5,4,5,4,0,4,3.5
H6502,Blue Cross and Blue Shield of Kansas City,5,5,5,4,NA,NA,NA,NA,4,5,5,5,2,4,3,3,3,4,4,3,3,4,5,5,3,4,5,5,0,4.5,4
H6526,"UnitedHealth Group, Inc. ",3,3,3,3,NA,NA,NA,NA,4,4,4,3,1,3,3,2,1,1,3,1,2,NA,5,4,4,5,5,5,0,3.5,3.5
H6528,"UnitedHealth Group, Inc. ",3,4,3,3,NA,NA,NA,NA,4,4,5,NA,NA,NA,2,3,4,3,NA,4,3,NA,4,4,4,NA,NA,5,0,4,4
H6529,"SIHO Holding, Inc. ",NA,NA,NA,NA,NA,NA,NA,NA,NA,NA,NA,NA,NA,NA,NA,NA,NA,NA,NA,NA,NA,NA,NA,NA,NA,NA,NA,3,1,NA,NA
H6550,Centene Corporation,3,2,1,3,3,5,4,NA,3,4,3,NA,2,NA,2,1,2,3,3,1,3,3,3,3,NA,NA,NA,5,0,3,3
H6594,Centene Corporation,NA,NA,NA,NA,NA,NA,NA,NA,NA,NA,NA,NA,NA,NA,NA,NA,NA,NA,NA,NA,NA,NA,NA,NA,NA,NA,NA,5,1,NA,NA
H6595,"UnitedHealth Group, Inc. ",NA,2,1,1,4,4,4,NA,3,4,3,2,4,NA,3,NA,4,3,4,5,5,4,3,3,NA,5,5,5,0,4,4
H6605,Centene Corporation,NA,NA,NA,NA,NA,NA,NA,NA,NA,NA,NA,NA,NA,NA,NA,NA,NA,NA,NA,NA,NA,NA,NA,NA,NA,NA,NA,NA,1,NA,NA
H6622,Humana Inc.,4,5,3,4,4,5,5,3,5,5,5,4,2,2,5,4,4,4,4,3,4,4,5,4,5,5,5,5,0,4.5,4.5
H6652,"American Health Companies, Inc. ",NA,NA,NA,NA,NA,NA,NA,NA,NA,NA,NA,NA,NA,NA,NA,NA,NA,NA,NA,NA,NA,NA,NA,NA,NA,NA,NA,4,1,NA,NA
H6672,Group 1001,NA,NA,NA,NA,1,2,1,NA,NA,NA,NA,NA,NA,NA,NA,NA,NA,NA,NA,NA,NA,NA,NA,NA,NA,NA,NA,1,0,NA,NA
H6678,Centene Corporation,NA,NA,NA,NA,NA,NA,NA,NA,NA,NA,NA,NA,NA,NA,NA,NA,NA,NA,NA,NA,NA,NA,NA,NA,NA,NA,NA,NA,1,NA,NA
H6706,"UnitedHealth Group, Inc. ",NA,NA,NA,NA,NA,NA,NA,NA,NA,NA,NA,NA,NA,NA,NA,NA,NA,NA,NA,NA,NA,NA,NA,NA,NA,NA,NA,5,1,NA,NA
H6713,Centene Corporation,NA,NA,NA,NA,NA,NA,NA,NA,NA,NA,NA,NA,NA,NA,NA,NA,NA,NA,NA,NA,NA,NA,NA,NA,NA,NA,NA,5,1,NA,NA
H6723,MEDICAL MUTUAL OF OHIO,4,4,4,2,NA,NA,NA,1,3,4,4,5,2,1,3,4,5,5,5,5,5,4,5,4,3,4,5,5,0,4,4.5
H6743,ATRIO Health Plans,3,3,2,2,NA,NA,NA,1,3,3,4,5,2,3,3,1,3,4,5,2,3,4,5,5,5,4,4,4,0,3.5,3.5
H6750,"Point32Health, Inc. ",5,3,5,5,NA,NA,NA,1,4,4,4,4,1,4,3,4,4,5,5,3,4,4,5,5,4,5,4,4,0,4,4
H6776,Riverspring Health Holding Corp.,NA,NA,NA,NA,5,5,5,NA,NA,NA,NA,NA,NA,NA,NA,NA,NA,NA,NA,NA,NA,NA,NA,NA,NA,NA,NA,4,0,NA,NA
H6815,Centene Corporation,4,4,3,3,NA,NA,NA,2,5,4,5,4,1,4,4,3,4,4,3,3,2,5,5,5,4,3,4,5,0,4,4
H6830,Centene Corporation,NA,NA,NA,NA,NA,NA,NA,NA,NA,NA,NA,NA,NA,NA,NA,NA,NA,NA,NA,NA,NA,NA,NA,NA,NA,NA,NA,5,1,NA,NA
H6832,"Innovative Long Term Care Management, Inc. ",NA,NA,NA,NA,5,3,4,NA,NA,NA,NA,NA,NA,NA,NA,NA,NA,NA,NA,NA,NA,NA,NA,NA,NA,NA,NA,2,0,NA,NA
H6851,"BMC Health System, Inc. ",NA,NA,NA,NA,NA,NA,NA,NA,NA,NA,NA,NA,NA,NA,NA,NA,NA,NA,NA,NA,NA,NA,NA,NA,NA,NA,NA,NA,1,NA,NA
H6870,Centene Corporation,NA,NA,NA,NA,NA,NA,NA,NA,NA,NA,NA,NA,NA,NA,NA,NA,NA,NA,NA,NA,NA,NA,NA,NA,NA,NA,NA,NA,0,NA,NA
H6874,"Aspirus, Inc. ",NA,NA,NA,NA,NA,NA,NA,NA,NA,NA,NA,NA,NA,NA,NA,NA,NA,NA,NA,NA,NA,NA,NA,NA,NA,NA,NA,5,1,NA,NA
H6891,"American Health Companies, Inc. ",NA,NA,NA,NA,NA,NA,NA,NA,NA,NA,NA,NA,NA,NA,NA,NA,NA,NA,NA,NA,NA,NA,NA,NA,NA,NA,NA,4,1,NA,NA
H6898,Blue Cross Blue Shield of Michigan Mutual Ins. Co.,NA,NA,NA,NA,NA,NA,NA,NA,NA,NA,NA,NA,NA,NA,NA,NA,NA,NA,NA,NA,NA,NA,NA,NA,NA,NA,NA,5,1,NA,NA
H6910,Trinity Health Corporation,NA,NA,NA,NA,NA,NA,NA,NA,3,NA,3,NA,NA,NA,2,NA,NA,NA,NA,NA,NA,NA,NA,NA,NA,NA,NA,4,0,NA,NA
H6936,Blue Cross Blue Shield of Arizona,4,4,2,NA,NA,NA,NA,NA,2,3,4,NA,NA,NA,1,NA,2,1,4,1,2,1,4,3,NA,4,5,5,0,3,3
H6959,"ISNP Holdings, LLC ",NA,NA,NA,NA,5,5,5,NA,NA,NA,NA,NA,NA,NA,NA,NA,NA,NA,NA,NA,NA,NA,NA,NA,NA,NA,NA,5,0,NA,NA
H6975,Centene Corporation,NA,NA,NA,NA,NA,NA,NA,NA,NA,NA,NA,NA,NA,NA,NA,NA,NA,NA,NA,NA,NA,NA,NA,NA,NA,NA,NA,5,0,NA,NA
H6988,"Centers Plan for Healthy Living, LLC ",3,3,2,1,4,5,5,NA,5,4,4,NA,NA,NA,5,4,NA,2,2,NA,2,NA,3,3,5,4,3,3,0,3.5,4
H7006,ATRIO Health Plans,5,4,5,4,NA,NA,NA,NA,5,4,3,NA,2,3,2,3,5,5,5,5,4,5,5,5,4,5,5,4,0,4.5,4.5
H7020,CIGNA,4,5,2,3,NA,NA,NA,NA,5,5,5,3,2,1,5,2,5,4,4,5,4,5,5,4,3,5,5,5,0,4.5,4.5
H7063,Blue Cross Blue Shield of Kansas,NA,NA,4,NA,NA,NA,NA,NA,4,3,4,NA,NA,NA,2,NA,5,5,4,3,2,2,4,3,NA,NA,NA,5,0,3.5,3.5
H7074,"Alignment Healthcare USA, LLC ",NA,NA,NA,NA,NA,NA,NA,NA,NA,NA,NA,NA,NA,NA,NA,NA,NA,NA,NA,NA,NA,NA,NA,NA,NA,NA,NA,NA,1,NA,NA
H7076,CareSource,NA,NA,NA,NA,NA,NA,NA,NA,NA,NA,NA,NA,NA,NA,NA,NA,NA,NA,NA,NA,NA,NA,NA,NA,NA,NA,NA,5,1,NA,NA
H7093,Anthem Inc.,NA,NA,NA,NA,NA,NA,NA,NA,NA,NA,NA,NA,NA,NA,NA,NA,NA,NA,NA,NA,NA,NA,NA,NA,NA,NA,NA,NA,1,NA,NA
H7115,Memorial Hermann Health System,4,4,4,5,NA,NA,NA,NA,3,4,5,5,2,3,2,2,4,3,4,5,4,3,5,5,3,4,5,3,0,4,3.5
H7123,UPMC Health System,NA,2,2,NA,4,2,2,NA,1,NA,2,NA,NA,NA,1,NA,3,3,4,NA,3,NA,NA,NA,NA,NA,NA,5,0,NA,NA
H7149,CVS Health Corporation,3,4,4,1,2,5,4,NA,2,5,5,5,3,3,5,2,4,4,3,3,2,5,5,4,3,5,5,5,0,4,4
H7151,"Devoted Health, Inc. ",NA,NA,NA,NA,NA,NA,NA,NA,NA,NA,NA,NA,NA,NA,NA,NA,NA,NA,NA,NA,NA,NA,NA,NA,NA,NA,NA,NA,1,NA,NA
H7163,Louisiana Health Service & Indemnity Company,NA,NA,NA,NA,NA,NA,NA,NA,NA,NA,NA,NA,NA,NA,NA,NA,NA,NA,NA,NA,NA,NA,NA,NA,NA,NA,NA,4,1,NA,NA
H7165,BlueCross BlueShield of South Carolina (BCBSSC),NA,NA,NA,NA,NA,NA,NA,NA,NA,NA,NA,NA,NA,NA,NA,NA,NA,NA,NA,NA,NA,NA,NA,NA,NA,NA,NA,5,0,NA,NA
H7169,Centene Corporation,NA,NA,NA,NA,NA,NA,NA,NA,NA,NA,NA,NA,NA,NA,NA,NA,NA,NA,NA,NA,NA,NA,NA,NA,NA,NA,NA,NA,1,NA,NA
H7172,CVS Health Corporation,NA,NA,NA,NA,NA,NA,NA,NA,NA,NA,NA,NA,NA,NA,NA,NA,NA,NA,NA,NA,NA,NA,NA,NA,NA,NA,NA,NA,0,NA,NA
H7173,Centene Corporation,4,3,2,4,3,5,4,NA,2,4,3,NA,3,NA,2,5,2,3,4,2,3,NA,4,2,1,NA,NA,5,0,3.5,3.5
H7175,Centene Corporation,NA,5,3,NA,4,NA,NA,NA,1,3,2,NA,NA,NA,2,NA,3,4,NA,2,1,NA,1,2,NA,NA,NA,5,0,2.5,3
H7220,Indiana University Health,5,5,5,3,NA,NA,NA,2,4,4,5,4,1,2,4,4,5,5,5,5,4,5,5,5,4,5,5,5,0,5,4.5
H7245,Premera,4,4,5,3,NA,NA,NA,3,3,4,4,5,1,3,3,4,4,5,3,3,2,4,5,4,5,3,4,5,0,4,4
H7273,Banner Health,NA,NA,NA,NA,NA,NA,NA,NA,NA,NA,NA,NA,NA,NA,NA,NA,NA,NA,NA,NA,NA,NA,NA,NA,NA,NA,NA,5,1,NA,NA
H7284,Humana Inc.,5,5,3,4,4,5,5,NA,3,5,5,5,3,1,4,1,3,3,4,2,3,2,4,3,NA,5,5,5,0,4,4
H7301,CVS Health Corporation,3,3,3,2,NA,NA,NA,4,4,4,5,5,2,2,5,4,4,5,5,4,4,5,5,5,4,5,5,5,0,4.5,4.5
H7322,"Oscar Health, Inc. ",NA,NA,2,NA,NA,NA,NA,NA,4,5,4,NA,NA,NA,4,NA,1,1,3,1,2,1,3,2,NA,5,4,1,0,2.5,3
H7323,Centene Corporation,4,3,1,NA,NA,NA,NA,NA,1,5,2,NA,NA,NA,2,NA,2,3,NA,NA,NA,NA,1,1,NA,NA,NA,5,0,NA,NA
H7326,Centene Corporation,4,4,2,4,NA,NA,NA,NA,2,4,4,2,2,5,3,3,4,3,4,4,3,4,4,3,5,NA,NA,5,0,4,4
H7330,"Zing Health Consolidator, Inc ",NA,NA,NA,NA,NA,NA,NA,NA,NA,NA,NA,NA,NA,NA,NA,NA,NA,NA,NA,NA,NA,NA,NA,NA,NA,NA,NA,4,0,NA,NA
H7360,Centene Corporation,NA,NA,NA,NA,NA,NA,NA,NA,NA,NA,NA,NA,NA,NA,NA,NA,NA,NA,NA,NA,NA,NA,NA,NA,NA,NA,NA,NA,1,NA,NA
H7379,"CareFirst, Inc. ",NA,NA,NA,NA,NA,NA,NA,NA,NA,NA,NA,NA,NA,NA,NA,NA,NA,NA,NA,NA,NA,NA,NA,NA,NA,NA,NA,NA,1,NA,NA
H7389,CIGNA,NA,NA,NA,NA,NA,NA,NA,NA,NA,NA,NA,NA,NA,NA,NA,NA,NA,NA,NA,NA,NA,NA,NA,NA,NA,NA,NA,NA,1,NA,NA
H7399,Centene Corporation,NA,NA,NA,NA,NA,NA,NA,NA,NA,NA,NA,NA,NA,NA,NA,NA,NA,NA,NA,NA,NA,NA,NA,NA,NA,NA,NA,5,0,NA,NA
H7404,"UnitedHealth Group, Inc. ",5,4,5,3,NA,NA,NA,NA,4,5,5,4,1,1,3,5,3,4,4,3,2,5,5,4,NA,5,5,5,0,4,4
H7419,"Point32Health, Inc. ",NA,NA,NA,NA,NA,NA,NA,NA,NA,NA,NA,NA,NA,NA,NA,NA,NA,NA,NA,NA,NA,NA,NA,NA,NA,NA,NA,NA,0,NA,NA
H7445,"UnitedHealth Group, Inc. ",NA,NA,NA,NA,NA,NA,NA,NA,NA,NA,NA,NA,NA,NA,NA,NA,NA,NA,NA,NA,NA,NA,NA,NA,NA,NA,NA,5,0,NA,NA
H7464,"UnitedHealth Group, Inc. ",4,4,3,3,4,4,5,NA,4,5,4,2,5,3,3,4,3,3,3,3,4,4,5,3,4,5,5,5,0,4,4
H7511,Sanford Health,NA,NA,NA,NA,5,5,5,NA,NA,NA,NA,NA,NA,NA,NA,NA,NA,NA,NA,NA,NA,NA,NA,NA,NA,NA,NA,1,0,NA,NA
H7512,Centene Corporation,NA,NA,NA,NA,NA,NA,NA,NA,NA,NA,NA,NA,NA,NA,NA,NA,NA,NA,NA,NA,NA,NA,NA,NA,NA,NA,NA,NA,1,NA,NA
H7518,Centene Corporation,NA,NA,NA,NA,NA,NA,NA,NA,NA,NA,NA,NA,NA,NA,NA,NA,NA,NA,NA,NA,NA,NA,NA,NA,NA,NA,NA,5,0,NA,NA
H7522,Anthem Inc.,3,4,1,3,NA,NA,NA,NA,5,5,4,NA,4,NA,2,3,2,1,4,5,5,2,NA,NA,5,NA,NA,NA,0,3.5,4
H7556,Centene Corporation,NA,NA,NA,NA,NA,NA,NA,NA,NA,NA,NA,NA,NA,NA,NA,NA,NA,NA,NA,NA,NA,NA,NA,NA,NA,NA,NA,NA,1,NA,NA
H7557,"Longevity Health Founders, LLC ",NA,NA,NA,NA,NA,NA,NA,NA,NA,NA,NA,NA,NA,NA,NA,NA,NA,NA,NA,NA,NA,NA,NA,NA,NA,NA,NA,5,1,NA,NA
H7559,"Molina Healthcare, Inc., ",NA,NA,NA,NA,2,NA,NA,NA,NA,NA,NA,NA,NA,NA,NA,NA,NA,NA,NA,NA,NA,NA,NA,NA,NA,NA,NA,4,0,NA,NA
H7594,Los Angeles Jewish Home for the Aging,NA,NA,NA,NA,NA,NA,NA,NA,NA,NA,NA,NA,NA,NA,NA,NA,NA,NA,NA,NA,NA,NA,NA,NA,NA,NA,NA,5,1,NA,NA
H7598,Group Health Cooperative of Eau Claire,NA,NA,NA,NA,NA,NA,NA,NA,NA,NA,NA,NA,NA,NA,NA,NA,NA,NA,NA,NA,NA,NA,NA,NA,NA,NA,NA,5,1,NA,NA
H7607,"Clever Care Health Plan, Inc. ",NA,NA,NA,NA,NA,NA,NA,NA,NA,NA,NA,NA,NA,NA,NA,NA,NA,NA,NA,NA,NA,NA,NA,NA,NA,NA,NA,5,1,NA,NA
H7617,Humana Inc.,NA,NA,NA,NA,NA,NA,NA,NA,NA,NA,NA,NA,NA,NA,NA,NA,NA,NA,NA,NA,NA,NA,NA,NA,NA,NA,NA,5,0,NA,NA
H7621,Humana Inc.,5,4,3,3,NA,NA,NA,NA,4,4,4,2,1,2,4,3,1,3,2,1,3,NA,4,3,NA,4,5,5,0,3,3.5
H7646,Sparrow Health System,5,4,4,NA,NA,NA,NA,NA,4,4,5,1,NA,NA,5,NA,4,5,4,4,4,3,4,5,NA,5,5,5,0,4.5,4.5
H7670,Central Mass Health Holding LLC,NA,NA,NA,NA,NA,NA,NA,NA,NA,NA,NA,NA,NA,NA,NA,NA,NA,NA,NA,NA,NA,NA,NA,NA,NA,NA,NA,NA,1,NA,NA
H7678,"Molina Healthcare, Inc., ",3,3,4,3,3,4,4,NA,4,4,3,NA,5,NA,1,5,3,3,3,NA,4,NA,4,3,3,5,5,5,0,3.5,3.5
H7680,"Universal Health Services, Inc. ",2,4,3,3,NA,NA,NA,NA,3,5,3,NA,3,1,2,2,3,2,3,2,4,2,5,3,5,5,5,4,0,3.5,3.5
H7728,Anthem Inc.,5,5,5,3,NA,NA,NA,2,4,4,5,4,2,3,4,3,5,4,4,4,2,5,5,5,5,4,5,5,0,4.5,4
H7746,McLaren Health Care Corporation,NA,NA,NA,NA,NA,NA,NA,NA,NA,NA,NA,NA,NA,NA,NA,NA,NA,NA,NA,NA,NA,NA,NA,NA,NA,NA,NA,NA,1,NA,NA
H7779,"American Health Companies, Inc. ",NA,NA,NA,NA,5,5,5,NA,NA,NA,NA,NA,NA,NA,NA,NA,NA,NA,NA,NA,NA,NA,NA,NA,NA,NA,NA,4,0,NA,NA
H7787,CIGNA,3,4,3,4,NA,NA,NA,NA,5,5,5,2,2,4,5,5,4,4,NA,4,4,NA,4,2,4,4,5,5,0,4,4
H7833,"UnitedHealth Group, Inc. ",NA,NA,NA,NA,NA,NA,NA,NA,NA,NA,NA,NA,NA,NA,NA,NA,NA,NA,NA,NA,NA,NA,NA,NA,NA,NA,NA,NA,0,NA,NA
H7844,"Molina Healthcare, Inc., ",NA,NA,NA,NA,NA,NA,NA,NA,NA,NA,NA,NA,NA,NA,NA,NA,NA,NA,NA,NA,NA,NA,NA,NA,NA,NA,NA,NA,0,NA,NA
H7849,CIGNA,4,5,3,NA,NA,NA,NA,NA,2,5,5,3,NA,NA,5,3,2,3,2,3,3,3,3,3,NA,5,4,5,0,3.5,3.5
H7853,"Bright Health Group, Inc. ",3,4,4,3,NA,NA,NA,NA,2,3,5,NA,1,3,4,NA,4,5,3,4,2,3,4,4,NA,1,NA,5,0,3.5,3.5
H7885,Health Plan of San Mateo,NA,NA,NA,NA,NA,NA,NA,NA,NA,NA,NA,NA,NA,NA,NA,NA,NA,NA,NA,NA,NA,NA,NA,NA,NA,NA,NA,NA,0,NA,NA
H7890,SANTA CLARA COUNTY HEALTH AUTHORITY,NA,NA,NA,NA,NA,NA,NA,NA,NA,NA,NA,NA,NA,NA,NA,NA,NA,NA,NA,NA,NA,NA,NA,NA,NA,NA,NA,NA,0,NA,NA
H7917,BlueCross BlueShield of Tennessee,5,4,4,2,NA,NA,NA,3,4,4,5,2,1,3,4,2,5,4,5,5,5,5,5,5,5,5,5,5,0,4.5,4.5
H7925,Centene Corporation,NA,NA,NA,NA,NA,NA,NA,NA,NA,NA,NA,NA,NA,NA,NA,NA,NA,NA,NA,NA,NA,NA,NA,NA,NA,NA,NA,5,1,NA,NA
H7971,"Horizon Healthcare Services, Inc. ",4,4,5,5,NA,NA,NA,NA,5,5,4,NA,NA,NA,4,NA,4,3,NA,4,4,NA,4,NA,NA,NA,NA,5,0,4.5,NA
H7993,"Devoted Health, Inc. ",NA,NA,3,NA,NA,NA,NA,NA,5,5,5,5,NA,NA,4,NA,2,2,5,4,5,1,5,4,NA,5,5,4,0,4,4.5
H8003,BlueCross BlueShield of South Carolina (BCBSSC),4,4,3,2,NA,NA,NA,NA,2,4,4,2,2,3,4,5,3,3,4,3,3,4,5,4,5,NA,NA,5,0,4,3.5
H8010,"Clover Health Holdings, Inc. ",4,3,1,3,NA,NA,NA,NA,3,4,4,2,NA,NA,3,4,1,1,2,1,3,NA,4,3,NA,4,2,4,0,3,3
H8016,Orange County Health Authority,NA,NA,NA,NA,NA,NA,NA,NA,NA,NA,NA,NA,NA,NA,NA,NA,NA,NA,NA,NA,NA,NA,NA,NA,NA,NA,NA,NA,0,NA,NA
H8019,SSM Health Care Corporation,NA,NA,NA,NA,NA,NA,NA,NA,NA,NA,NA,NA,NA,NA,NA,NA,NA,NA,NA,NA,NA,NA,NA,NA,NA,NA,NA,5,1,NA,NA
H8026,CVS Health Corporation,NA,NA,NA,NA,NA,NA,NA,NA,NA,NA,NA,NA,NA,NA,NA,NA,NA,NA,NA,NA,NA,NA,NA,NA,NA,NA,NA,NA,0,NA,NA
H8046,"Molina Healthcare, Inc., ",NA,NA,NA,NA,NA,NA,NA,NA,NA,NA,NA,NA,NA,NA,NA,NA,NA,NA,NA,NA,NA,NA,NA,NA,NA,NA,NA,NA,0,NA,NA
H8064,The Carle Foundation,5,5,NA,3,NA,NA,NA,NA,3,5,5,NA,NA,NA,5,NA,NA,NA,NA,NA,NA,NA,NA,NA,NA,NA,NA,3,0,NA,NA
H8067,"Rifkin Managed Care Holding, LLC ",NA,NA,NA,NA,5,5,5,NA,NA,NA,NA,NA,NA,NA,NA,NA,NA,NA,NA,NA,NA,NA,NA,NA,NA,NA,NA,4,0,NA,NA
H8087,Humana Inc.,4,4,2,2,4,4,5,2,3,4,5,3,2,3,4,4,4,3,3,3,3,3,5,4,NA,5,5,5,0,4,4
H8093,"American Health Companies, Inc. ",NA,NA,NA,NA,5,5,5,NA,NA,NA,1,NA,NA,NA,NA,NA,NA,NA,NA,NA,NA,NA,NA,5,NA,NA,NA,4,0,NA,NA
H8095,Blue Cross Blue Shield of Michigan Mutual Ins. Co.,NA,NA,NA,NA,NA,NA,NA,NA,NA,NA,NA,NA,NA,NA,NA,NA,NA,NA,NA,NA,NA,NA,NA,NA,NA,NA,NA,NA,1,NA,NA
H8121,Centene Corporation,NA,NA,NA,NA,NA,NA,NA,NA,NA,NA,NA,NA,NA,NA,NA,NA,NA,NA,NA,NA,NA,NA,NA,NA,NA,NA,NA,NA,1,NA,NA
H8125,"UnitedHealth Group, Inc. ",4,4,1,NA,4,4,4,NA,4,4,3,2,NA,NA,3,4,4,5,5,4,5,5,4,2,NA,5,5,5,0,4,4
H8130,"Molina Healthcare, Inc., ",3,3,1,4,2,3,3,NA,3,4,3,NA,NA,NA,1,5,NA,3,NA,NA,2,NA,4,2,1,5,2,5,0,3,3.5
H8133,Health Care Service Corporation,3,3,3,4,NA,NA,NA,NA,2,5,4,2,2,NA,2,4,1,2,2,3,2,NA,4,3,5,5,4,3,0,3.5,3.5
H8142,Baylor Scott & White Holdings,5,4,5,3,NA,NA,NA,3,4,4,4,5,2,4,4,5,5,5,5,5,5,5,5,5,3,4,4,4,0,5,4.5
H8145,Humana Inc.,3,4,3,2,NA,NA,NA,2,3,4,4,4,2,1,4,3,4,4,4,3,4,5,5,4,3,5,5,5,0,4,4
H8166,Highmark Health,NA,NA,NA,NA,NA,NA,NA,NA,NA,NA,NA,NA,NA,NA,NA,NA,NA,NA,NA,NA,NA,NA,NA,NA,NA,NA,NA,NA,1,NA,NA
H8173,"Devoted Health, Inc. ",NA,NA,NA,NA,NA,NA,NA,NA,NA,NA,NA,NA,NA,NA,NA,NA,NA,NA,NA,NA,NA,NA,NA,NA,NA,NA,NA,4,1,NA,NA
H8176,"Molina Healthcare, Inc., ",3,2,1,NA,3,2,2,NA,2,3,2,NA,NA,NA,1,1,3,4,4,NA,4,NA,3,3,NA,NA,NA,5,0,3,3
H8181,Blue Cross Blue Shield of Nebraska,NA,5,5,NA,NA,NA,NA,NA,3,4,5,NA,NA,NA,2,NA,4,5,3,3,3,5,3,5,NA,NA,NA,5,0,4,4
H8189,Centene Corporation,5,5,3,3,4,5,5,NA,3,4,4,NA,NA,NA,5,5,4,5,5,3,4,5,5,4,3,NA,NA,5,0,4.5,4.5
H8197,"Molina Healthcare, Inc., ",NA,NA,NA,NA,NA,NA,NA,NA,NA,NA,NA,NA,NA,NA,NA,NA,NA,NA,NA,NA,NA,NA,NA,NA,NA,NA,NA,NA,0,NA,NA
H8211,"UnitedHealth Group, Inc. ",3,3,3,1,NA,NA,NA,NA,1,4,4,2,2,1,3,4,4,3,4,3,1,4,5,4,5,5,5,5,0,3.5,4
H8213,"Independence Health Group, Inc. ",NA,NA,NA,NA,NA,NA,NA,NA,NA,NA,NA,NA,NA,NA,NA,NA,NA,NA,NA,NA,NA,NA,NA,NA,NA,NA,NA,NA,0,NA,NA
H8225,Centene Corporation,NA,NA,3,NA,NA,NA,NA,NA,3,3,4,NA,NA,NA,3,NA,3,4,4,4,3,5,3,3,NA,NA,NA,5,0,3.5,3.5
H8258,Local Initiative Health Authority for LA County,NA,NA,NA,NA,NA,NA,NA,NA,NA,NA,NA,NA,NA,NA,NA,NA,NA,NA,NA,NA,NA,NA,NA,NA,NA,NA,NA,NA,0,NA,NA
H8293,Group 1001,NA,NA,NA,NA,NA,NA,NA,NA,1,NA,1,NA,NA,NA,1,NA,NA,NA,NA,NA,NA,NA,NA,NA,NA,NA,NA,1,0,NA,NA
H8298,"Horizon Healthcare Services, Inc. ",4,2,2,3,4,3,4,NA,3,4,3,5,5,3,3,3,2,3,4,2,4,3,4,4,5,4,3,5,0,3.5,4
H8330,"Point32Health, Inc. ",NA,NA,NA,NA,NA,NA,NA,NA,NA,NA,NA,NA,NA,NA,NA,NA,NA,NA,NA,NA,NA,NA,NA,NA,NA,NA,NA,NA,1,NA,NA
H8332,CVS Health Corporation,NA,NA,NA,NA,NA,NA,NA,NA,NA,NA,NA,NA,NA,NA,NA,NA,NA,NA,NA,NA,NA,NA,NA,NA,NA,NA,NA,5,1,NA,NA
H8343,Anthem Inc.,NA,NA,NA,NA,NA,NA,NA,NA,NA,NA,NA,NA,NA,NA,NA,NA,NA,NA,NA,NA,NA,NA,NA,NA,NA,NA,NA,5,1,NA,NA
H8379,Spectrum Health System,5,5,2,NA,4,3,3,NA,3,4,5,NA,NA,NA,5,3,2,3,2,3,3,2,3,3,NA,4,2,5,0,3.5,3.5
H8385,Sanford Health,NA,NA,NA,NA,NA,NA,NA,NA,NA,NA,NA,NA,NA,NA,NA,NA,NA,NA,NA,NA,NA,NA,NA,NA,NA,NA,NA,NA,1,NA,NA
H8390,CareSource,NA,NA,NA,NA,NA,NA,NA,NA,NA,NA,NA,NA,NA,NA,NA,NA,NA,NA,NA,NA,NA,NA,NA,NA,NA,NA,NA,5,1,NA,NA
H8423,CIGNA,NA,NA,NA,NA,NA,NA,NA,NA,NA,NA,NA,NA,NA,NA,NA,NA,NA,NA,NA,NA,NA,NA,NA,NA,NA,NA,NA,NA,0,NA,NA
H8432,Anthem Inc.,3,4,3,1,3,5,5,1,5,4,4,2,4,4,3,3,2,1,3,1,1,3,5,3,3,4,5,5,0,3,3
H8452,CareSource,NA,NA,NA,NA,NA,NA,NA,NA,NA,NA,NA,NA,NA,NA,NA,NA,NA,NA,NA,NA,NA,NA,NA,NA,NA,NA,NA,NA,0,NA,NA
H8457,"Longevity Health Founders, LLC ",NA,NA,NA,NA,5,5,4,NA,NA,NA,NA,NA,NA,NA,NA,NA,NA,NA,NA,NA,NA,NA,NA,3,NA,NA,NA,5,0,NA,NA
H8458,Centene Corporation,NA,NA,NA,NA,NA,NA,NA,NA,NA,NA,NA,NA,NA,NA,NA,NA,NA,NA,NA,NA,NA,NA,NA,NA,NA,NA,NA,NA,1,NA,NA
H8492,CommCare Corporation,NA,NA,NA,NA,5,NA,NA,NA,NA,NA,NA,NA,NA,NA,NA,NA,NA,NA,NA,NA,NA,NA,NA,NA,NA,NA,NA,4,0,NA,NA
H8547,Health Care Service Corporation,NA,NA,NA,NA,NA,NA,NA,NA,NA,NA,NA,NA,NA,NA,NA,NA,NA,NA,NA,NA,NA,NA,NA,NA,NA,NA,NA,3,1,NA,NA
H8552,Anthem Inc.,3,4,5,1,5,5,4,NA,3,4,4,3,3,4,2,2,3,2,3,3,2,3,5,5,5,4,4,5,0,3.5,3.5
H8553,Centene Corporation,NA,NA,NA,NA,NA,NA,NA,NA,NA,NA,NA,NA,NA,NA,NA,NA,NA,NA,NA,NA,NA,NA,NA,NA,NA,NA,NA,5,1,NA,NA
H8554,Health Care Service Corporation,2,2,NA,4,NA,NA,NA,NA,1,5,3,NA,NA,NA,3,NA,NA,NA,NA,NA,NA,NA,NA,NA,NA,5,4,3,0,NA,NA
H8578,"Baystate Health, Inc. ",5,4,5,4,NA,NA,NA,1,5,5,5,3,2,4,4,4,3,5,5,3,4,3,5,5,3,4,5,4,0,4,4
H8597,CVS Health Corporation,3,4,1,3,4,5,3,NA,3,4,3,4,5,NA,5,1,2,3,4,4,5,3,2,2,NA,4,4,5,0,3.5,3.5
H8604,"The Health Plan of West Virginia, Inc. ",4,4,4,2,NA,NA,NA,NA,3,3,5,NA,2,1,3,2,5,5,5,4,4,3,5,4,4,NA,NA,5,0,4,4
H8634,Health Care Service Corporation,4,4,4,4,NA,NA,NA,1,3,4,3,3,3,4,2,4,4,5,2,4,2,5,5,5,5,4,3,3,0,4,4
H8649,CVS Health Corporation,3,4,3,2,NA,NA,NA,4,4,3,5,4,1,2,5,4,5,4,4,3,2,4,5,4,3,4,5,5,0,4,3.5
H8677,"Molina Healthcare, Inc., ",NA,NA,NA,NA,NA,NA,NA,NA,NA,NA,NA,NA,NA,NA,NA,NA,NA,NA,NA,NA,NA,NA,NA,NA,NA,NA,NA,NA,0,NA,NA
H8711,Centene Corporation,NA,NA,NA,NA,NA,NA,NA,NA,NA,NA,NA,NA,NA,NA,NA,NA,NA,NA,NA,NA,NA,NA,NA,NA,NA,NA,NA,5,1,NA,NA
H8748,"UnitedHealth Group, Inc. ",4,5,3,3,NA,NA,NA,3,4,4,5,5,2,3,3,4,3,3,3,3,3,3,5,4,3,5,5,5,0,4,4
H8764,Montage Health,5,5,5,5,NA,NA,NA,NA,4,4,5,3,3,5,5,4,2,3,5,2,3,1,5,5,5,5,5,5,0,4,4
H8768,"UnitedHealth Group, Inc. ",4,4,5,3,NA,NA,NA,2,4,5,5,5,2,3,3,4,4,5,3,4,3,4,5,4,3,5,5,5,0,4,4
H8783,UCare Minnesota,5,5,4,2,NA,NA,NA,NA,4,4,5,NA,1,2,2,2,5,5,2,4,2,5,5,5,NA,5,5,5,0,4,4
H8786,Anthem Inc.,NA,NA,NA,NA,NA,NA,NA,NA,NA,NA,NA,NA,NA,NA,NA,NA,NA,NA,NA,NA,NA,NA,NA,NA,NA,NA,NA,NA,0,NA,NA
H8797,"Perennial Consortium, LLC ",NA,NA,NA,NA,NA,NA,NA,NA,NA,NA,NA,NA,NA,NA,NA,NA,NA,NA,NA,NA,NA,NA,NA,NA,NA,NA,NA,5,1,NA,NA
H8845,"Molina Healthcare, Inc., ",NA,NA,NA,NA,3,NA,NA,NA,NA,NA,NA,NA,NA,NA,NA,NA,NA,NA,NA,NA,NA,NA,NA,NA,NA,NA,NA,4,0,NA,NA
H8849,Anthem Inc.,NA,NA,NA,NA,NA,NA,NA,NA,NA,NA,NA,NA,NA,NA,NA,NA,NA,NA,NA,NA,NA,NA,NA,NA,NA,NA,NA,5,1,NA,NA
H8854,"CareFirst, Inc. ",4,3,2,4,2,5,5,NA,3,4,4,4,4,3,5,4,3,3,4,NA,3,NA,4,5,3,5,4,4,0,4,3.5
H8889,Medica Holding Company,5,4,5,3,NA,NA,NA,1,5,4,5,5,2,2,3,5,4,5,4,4,4,5,5,5,NA,5,4,5,0,4.5,4.5
H8908,Humana Inc.,3,4,3,3,4,4,5,NA,2,5,4,3,2,1,4,3,2,2,2,NA,2,NA,4,3,2,5,5,5,0,3.5,3.5
H8928,Fallon Community Health Plan,NA,NA,NA,NA,NA,NA,NA,NA,NA,NA,NA,NA,NA,NA,NA,NA,NA,NA,NA,NA,NA,NA,NA,NA,NA,NA,NA,NA,1,NA,NA
H8961,"Oscar Health, Inc. ",NA,NA,NA,NA,NA,NA,NA,NA,NA,NA,NA,NA,NA,NA,NA,NA,NA,NA,NA,NA,NA,NA,NA,NA,NA,NA,NA,1,1,NA,NA
H8967,Sanford Health,NA,NA,NA,NA,5,5,5,NA,NA,NA,NA,NA,NA,NA,NA,NA,NA,NA,NA,NA,NA,NA,NA,NA,NA,NA,NA,1,0,NA,NA
H9001,Fallon Community Health Plan,5,4,5,3,NA,NA,NA,4,5,4,5,5,3,2,4,5,4,3,4,4,4,3,5,5,3,5,4,4,0,4.5,4.5
H9003,"Kaiser Foundation Health Plan, Inc. ",5,5,5,5,NA,NA,NA,5,5,5,5,5,2,4,5,4,3,4,4,5,5,3,5,5,4,5,5,5,0,5,5
H9042,"SIHO Holding, Inc. ",NA,NA,NA,NA,NA,NA,NA,NA,NA,NA,NA,NA,NA,NA,NA,NA,NA,NA,NA,NA,NA,NA,NA,NA,NA,NA,NA,3,1,NA,NA
H9047,Providence Health & Services,5,5,5,5,4,5,5,5,5,5,5,5,2,5,5,4,4,5,5,4,4,4,5,5,3,5,4,4,0,5,5
H9065,Anthem Inc.,5,4,4,NA,4,5,5,NA,4,3,4,3,NA,NA,3,4,3,4,2,3,3,3,4,4,NA,NA,NA,5,0,4,4
H9066,VISITING NURSE ASSOCIATION OF CENTRAL NEW YORK,NA,NA,NA,NA,5,NA,NA,NA,NA,NA,NA,NA,NA,NA,NA,NA,NA,NA,NA,NA,NA,NA,NA,NA,NA,NA,NA,4,0,NA,NA
H9070,Humana Inc.,4,4,3,1,NA,NA,NA,2,4,4,4,2,2,1,4,3,4,3,3,3,2,2,5,4,NA,5,5,5,0,3.5,3.5
H9078,"MHH Healthcare, LLC ",NA,NA,NA,NA,NA,NA,NA,NA,NA,NA,NA,NA,NA,NA,NA,NA,NA,NA,NA,NA,NA,NA,NA,NA,NA,NA,NA,NA,1,NA,NA
H9082,"Molina Healthcare, Inc., ",3,3,4,3,NA,NA,NA,NA,4,3,3,5,3,NA,1,4,2,3,3,3,3,2,5,NA,4,3,3,5,0,3.5,3.5
H9096,SSM Health Care Corporation,5,5,5,4,NA,NA,NA,NA,5,5,5,5,2,3,4,5,5,5,5,5,4,5,5,5,4,5,5,5,0,5,5
H9104,SCAN Group,NA,NA,NA,NA,NA,NA,NA,NA,NA,NA,NA,NA,NA,NA,NA,NA,NA,NA,NA,NA,NA,NA,NA,NA,NA,NA,NA,5,0,NA,NA
H9147,Blue Cross and Blue Shield of North Carolina,NA,NA,NA,NA,NA,NA,NA,NA,NA,NA,NA,NA,NA,NA,NA,NA,NA,NA,NA,NA,NA,NA,NA,NA,NA,NA,NA,5,1,NA,NA
H9153,"Stonerise Senior Advantage Holdings, LLC ",NA,NA,NA,NA,5,5,5,NA,NA,NA,NA,NA,NA,NA,NA,NA,NA,NA,NA,NA,NA,NA,NA,NA,NA,NA,NA,2,0,NA,NA
H9191,"Rifkin Managed Care Holding, LLC ",NA,NA,NA,NA,NA,NA,NA,NA,NA,NA,NA,NA,NA,NA,NA,NA,NA,NA,NA,NA,NA,NA,NA,NA,NA,NA,NA,4,1,NA,NA
H9207,"Health Partners Plans, Inc. ",4,3,2,4,2,4,4,5,5,4,4,4,4,NA,3,5,2,2,4,NA,4,NA,5,4,4,5,5,3,0,4,4
H9219,Anthem Inc.,NA,NA,NA,NA,NA,NA,NA,NA,NA,NA,NA,NA,NA,NA,NA,NA,NA,NA,NA,NA,NA,NA,NA,NA,NA,NA,NA,5,1,NA,NA
H9239,"UnitedHealth Group, Inc. ",NA,NA,NA,NA,NA,NA,NA,NA,NA,NA,NA,NA,NA,NA,NA,NA,NA,NA,NA,NA,NA,NA,NA,NA,NA,NA,NA,NA,1,NA,NA
H9258,Centene Corporation,NA,NA,NA,NA,NA,NA,NA,NA,NA,NA,NA,NA,NA,NA,NA,NA,NA,NA,NA,NA,NA,NA,NA,NA,NA,NA,NA,5,1,NA,NA
H9276,Centene Corporation,4,2,NA,3,NA,NA,NA,NA,2,4,4,NA,NA,NA,2,NA,NA,NA,NA,NA,NA,NA,3,5,NA,NA,NA,5,0,NA,NA
H9295,"Exemplar Health Benefits Administrator, LLC ",NA,NA,NA,NA,NA,NA,NA,NA,NA,NA,NA,NA,NA,NA,NA,NA,NA,NA,NA,NA,NA,NA,NA,NA,NA,NA,NA,NA,1,NA,NA
H9302,Premera,3,4,4,2,NA,NA,NA,4,5,4,4,4,1,3,4,3,2,4,3,3,1,4,5,4,3,NA,NA,5,0,3.5,3.5
H9306,"Alterwood Health, Inc. ",NA,NA,NA,NA,NA,NA,NA,NA,NA,NA,NA,NA,NA,NA,NA,NA,NA,NA,NA,NA,NA,NA,NA,NA,NA,NA,NA,NA,1,NA,NA
H9335,Centene Corporation,NA,NA,NA,NA,NA,NA,NA,NA,NA,NA,NA,NA,NA,NA,NA,NA,NA,NA,NA,NA,NA,NA,NA,NA,NA,NA,NA,5,1,NA,NA
H9357,Centene Corporation,NA,NA,NA,NA,NA,NA,NA,NA,NA,NA,NA,NA,NA,NA,NA,NA,NA,NA,NA,NA,NA,NA,NA,NA,NA,NA,NA,NA,1,NA,NA
H9364,Centene Corporation,5,3,3,2,4,4,4,NA,4,3,3,4,3,1,4,5,4,4,3,3,2,5,3,3,NA,4,4,5,0,3.5,4
H9387,Centene Corporation,NA,NA,NA,NA,NA,NA,NA,NA,NA,NA,NA,NA,NA,NA,NA,NA,NA,NA,NA,NA,NA,NA,NA,NA,NA,NA,NA,5,1,NA,NA
H9403,Group 1001,NA,NA,NA,NA,1,NA,NA,NA,NA,NA,NA,NA,NA,NA,NA,NA,NA,NA,NA,NA,NA,NA,NA,NA,NA,NA,NA,1,0,NA,NA
H9408,Capital BlueCross,3,2,4,3,NA,NA,NA,NA,3,3,2,4,2,4,1,3,5,5,5,4,5,5,5,5,5,4,4,5,0,4,4
H9412,Geisinger Health,NA,NA,NA,NA,NA,NA,NA,NA,NA,NA,NA,NA,NA,NA,NA,NA,NA,NA,NA,NA,NA,NA,NA,NA,NA,NA,NA,NA,0,NA,NA
H9414,"Commonwealth Care Alliance, Inc. ",NA,NA,NA,NA,NA,NA,NA,NA,NA,NA,NA,NA,NA,NA,NA,NA,NA,NA,NA,NA,NA,NA,NA,NA,NA,NA,NA,NA,1,NA,NA
H9428,Centene Corporation,NA,NA,NA,NA,NA,NA,NA,NA,NA,NA,NA,NA,NA,NA,NA,NA,NA,NA,NA,NA,NA,NA,NA,NA,NA,NA,NA,5,0,NA,NA
H9431,CVS Health Corporation,5,3,3,3,NA,NA,NA,NA,2,4,4,2,2,1,5,4,2,3,4,2,1,3,4,3,NA,5,5,5,0,3.5,3.5
H9455,University of Utah,NA,NA,NA,NA,4,2,2,NA,NA,NA,NA,NA,NA,NA,NA,NA,NA,NA,NA,NA,NA,NA,NA,NA,NA,NA,NA,1,0,NA,NA
H9460,CIGNA,2,4,2,2,NA,NA,NA,NA,3,5,4,NA,2,2,5,1,3,3,3,3,3,4,5,3,2,5,5,5,0,3.5,3.5
H9489,Blue Cross Blue Shield of Michigan Mutual Ins. Co.,NA,NA,NA,NA,NA,NA,NA,NA,NA,NA,NA,NA,NA,NA,NA,NA,NA,NA,NA,NA,NA,NA,NA,NA,NA,NA,NA,5,1,NA,NA
H9525,Anthem Inc.,4,4,3,1,3,5,5,2,3,4,4,3,2,1,4,3,5,5,4,4,4,5,4,4,3,5,5,5,0,4,4
H9572,Blue Cross Blue Shield of Michigan Mutual Ins. Co.,5,5,5,3,NA,NA,NA,4,5,5,5,4,2,3,3,3,4,3,2,3,4,3,5,5,5,4,5,5,0,4,4.5
H9576,NEIGHBORHOOD HEALTH PLAN OF RHODE ISLAND,NA,NA,NA,NA,NA,NA,NA,NA,NA,NA,NA,NA,NA,NA,NA,NA,NA,NA,NA,NA,NA,NA,NA,NA,NA,NA,NA,NA,0,NA,NA
H9585,"BMC Health System, Inc. ",5,3,2,4,1,4,4,NA,5,4,3,NA,5,4,4,NA,NA,3,3,NA,4,NA,5,5,NA,NA,NA,4,0,4,3.5
H9589,Group 1001,NA,NA,NA,NA,NA,NA,NA,NA,NA,NA,NA,NA,NA,NA,NA,NA,NA,NA,NA,NA,NA,NA,NA,NA,NA,NA,NA,1,0,NA,NA
H9590,"Longevity Health Founders, LLC ",NA,NA,NA,NA,5,4,5,NA,NA,NA,NA,NA,NA,NA,NA,NA,NA,NA,NA,NA,NA,NA,NA,NA,NA,NA,NA,5,0,NA,NA
H9614,"Alignment Healthcare USA, LLC ",NA,NA,NA,NA,NA,NA,NA,NA,NA,NA,NA,NA,NA,NA,NA,NA,NA,NA,NA,NA,NA,NA,NA,NA,NA,NA,NA,NA,1,NA,NA
H9615,"MVP Health Care, Inc. ",5,4,5,4,NA,NA,NA,1,5,4,4,5,3,5,2,4,5,5,5,4,4,4,5,5,2,5,4,4,0,4.5,4.5
H9630,Centene Corporation,4,4,3,1,NA,NA,NA,2,3,4,3,2,1,1,2,1,5,5,4,4,5,4,5,4,3,3,4,5,0,3.5,3.5
H9662,CIGNA,NA,NA,NA,NA,NA,NA,NA,NA,NA,NA,NA,NA,NA,NA,NA,NA,NA,NA,NA,NA,NA,NA,NA,NA,NA,NA,NA,NA,1,NA,NA
H9686,"Alignment Healthcare USA, LLC ",NA,NA,NA,NA,NA,NA,NA,NA,NA,NA,NA,NA,NA,NA,NA,NA,NA,NA,NA,NA,NA,NA,NA,NA,NA,NA,NA,5,1,NA,NA
H9699,"HMO Partners, Inc. ",3,4,4,1,NA,NA,NA,NA,3,4,4,3,1,2,3,1,5,3,4,4,3,3,5,3,5,NA,NA,4,0,3.5,3.5
H9706,Health Care Service Corporation,NA,5,NA,NA,NA,NA,NA,NA,1,4,3,NA,NA,NA,2,NA,NA,NA,NA,NA,NA,NA,NA,2,NA,5,3,3,0,NA,NA
H9712,Henry Ford Health System,NA,NA,NA,NA,NA,NA,NA,NA,NA,NA,NA,NA,NA,NA,NA,NA,NA,NA,NA,NA,NA,NA,NA,NA,NA,NA,NA,NA,0,NA,NA
H9725,CIGNA,5,5,3,3,3,5,5,NA,5,5,5,4,3,3,5,3,5,4,4,4,4,5,5,4,3,5,5,5,0,4.5,4.5
H9730,Centene Corporation,3,3,2,2,4,4,4,4,3,4,3,2,3,1,4,4,4,4,4,3,3,5,5,4,4,5,5,5,0,4,4
H9761,Centene Corporation,NA,NA,NA,NA,NA,NA,NA,NA,NA,NA,NA,NA,NA,NA,NA,NA,NA,NA,NA,NA,NA,NA,NA,NA,NA,NA,NA,NA,1,NA,NA
H9763,Ochsner Clinic Foundation,NA,NA,NA,NA,NA,NA,NA,NA,NA,NA,NA,NA,NA,NA,NA,NA,NA,NA,NA,NA,NA,NA,NA,NA,NA,NA,NA,NA,1,NA,NA
H9808,Moses H. Cone Memorial Hospital Corp.,5,5,5,5,NA,NA,NA,3,4,5,5,4,1,4,4,4,5,4,5,4,5,5,5,5,5,5,4,5,0,5,5
H9811,Centene Corporation,3,2,2,2,4,NA,NA,NA,3,5,3,NA,2,4,2,5,1,1,3,3,2,4,3,3,NA,NA,NA,5,0,3,3
H9826,Harris County Hospital District,NA,NA,NA,NA,NA,NA,NA,NA,NA,NA,NA,NA,NA,NA,NA,NA,NA,NA,NA,NA,NA,NA,NA,NA,NA,NA,NA,3,0,NA,NA
H9827,Trinity Health Corporation,NA,NA,NA,NA,NA,NA,NA,NA,NA,NA,NA,NA,NA,NA,NA,NA,NA,NA,NA,NA,NA,NA,NA,NA,NA,NA,NA,NA,1,NA,NA
H9828,"J.B. Cotton & Company, LLC ",NA,NA,NA,NA,NA,NA,NA,NA,NA,NA,NA,NA,NA,NA,NA,NA,NA,NA,NA,NA,NA,NA,NA,NA,NA,NA,NA,NA,1,NA,NA
H9834,University of Wisconsin Hospitals and Clincs Autho,5,4,5,3,NA,NA,NA,NA,4,5,5,NA,1,3,5,5,5,5,5,5,5,5,5,5,4,NA,NA,5,0,5,5
H9861,"RELIANCE HMO, INC ",NA,NA,NA,NA,NA,NA,NA,NA,NA,NA,NA,NA,NA,NA,NA,NA,NA,NA,NA,NA,NA,NA,NA,NA,NA,NA,NA,4,0,NA,NA
H9869,"PHSI, Inc. ",NA,NA,NA,NA,NA,NA,NA,NA,NA,NA,NA,NA,NA,NA,NA,NA,NA,NA,NA,NA,NA,NA,NA,NA,NA,NA,NA,NA,0,NA,NA
H9876,"Commonwealth Care Alliance, Inc. ",NA,NA,NA,NA,NA,NA,NA,NA,NA,NA,NA,NA,NA,NA,NA,NA,NA,NA,NA,NA,NA,NA,NA,NA,NA,NA,NA,NA,1,NA,NA
H9877,Sentara Health Care (SHC),2,2,3,3,1,2,2,NA,2,3,2,1,4,1,2,1,3,3,4,2,3,4,4,4,5,3,4,4,0,3,3.5
H9884,"Devoted Health, Inc. ",NA,NA,NA,NA,NA,NA,NA,NA,NA,NA,NA,NA,NA,NA,NA,NA,NA,NA,NA,NA,NA,NA,NA,NA,NA,NA,NA,NA,1,NA,NA
H9900,Centene Corporation,NA,NA,NA,NA,NA,NA,NA,NA,NA,NA,NA,NA,NA,NA,NA,NA,NA,NA,NA,NA,NA,NA,NA,NA,NA,NA,NA,NA,1,NA,NA
H9904,Central Mass Health Holding LLC,NA,NA,NA,NA,NA,NA,NA,NA,NA,NA,NA,NA,NA,NA,NA,NA,NA,NA,NA,NA,NA,NA,NA,NA,NA,NA,NA,NA,1,NA,NA
H9909,"American Health Companies, Inc. ",NA,NA,NA,NA,NA,NA,NA,NA,NA,NA,NA,NA,NA,NA,NA,NA,NA,NA,NA,NA,NA,NA,NA,NA,NA,NA,NA,4,0,NA,NA
H9917,"Innovative Long Term Care Management, Inc. ",NA,NA,NA,NA,NA,NA,NA,NA,NA,NA,NA,NA,NA,NA,NA,NA,NA,NA,NA,NA,NA,NA,NA,NA,NA,NA,NA,2,1,NA,NA
H9942,"Longevity Health Founders, LLC ",NA,NA,NA,NA,5,5,5,NA,NA,NA,NA,NA,NA,NA,NA,NA,NA,NA,NA,NA,NA,NA,NA,NA,NA,NA,NA,5,0,NA,NA
H9952,Medica Holding Company,2,2,2,NA,3,NA,NA,NA,4,3,3,NA,NA,NA,2,5,3,4,3,3,4,4,4,5,NA,NA,NA,5,0,3.5,3.5
H9955,"Molina Healthcare, Inc., ",NA,NA,NA,NA,NA,NA,NA,NA,NA,NA,NA,NA,NA,NA,NA,NA,NA,NA,NA,NA,NA,NA,NA,NA,NA,NA,NA,5,1,NA,NA
H9976,Centene Corporation,NA,NA,NA,NA,NA,NA,NA,NA,NA,NA,NA,NA,NA,NA,NA,NA,NA,NA,NA,NA,NA,NA,NA,NA,NA,NA,NA,NA,1,NA,NA
H9986,"Independent Living Systems, LLC ",NA,NA,NA,NA,NA,NA,NA,NA,NA,NA,NA,NA,NA,NA,NA,NA,NA,NA,NA,NA,NA,NA,NA,NA,NA,NA,NA,NA,1,NA,NA
R0110,Humana Inc.,3,4,2,2,NA,NA,NA,2,3,4,4,3,2,1,4,3,5,3,4,4,4,3,5,3,5,5,5,5,0,4,4
R0759,"UnitedHealth Group, Inc. ",4,4,3,3,4,5,5,3,4,5,5,3,2,3,4,3,4,3,4,3,3,NA,5,4,NA,5,5,5,0,4,4
R0802,"Martin's Point Health Care, Inc. ",5,4,4,3,NA,NA,NA,NA,4,3,3,4,1,3,4,3,3,5,5,3,2,3,5,5,NA,NA,NA,5,0,3.5,4
R0865,Humana Inc.,3,4,3,2,NA,NA,NA,4,3,4,5,3,2,1,4,3,5,4,4,4,4,5,5,3,4,4,5,5,0,4,4
R0923,Humana Inc.,2,4,3,1,NA,NA,NA,NA,3,3,4,2,3,1,4,4,4,4,5,3,3,4,5,3,3,5,4,5,0,3.5,4
R1390,Humana Inc.,4,4,3,3,NA,NA,NA,2,3,5,4,4,2,4,4,4,4,5,4,4,2,4,5,4,3,4,4,5,0,4,4
R1532,Humana Inc.,2,3,3,1,NA,NA,NA,NA,3,3,4,NA,1,1,4,4,4,3,4,3,2,3,5,3,4,4,5,5,0,3.5,3.5
R1548,"UnitedHealth Group, Inc. ",4,4,2,2,4,4,5,2,5,5,4,4,4,3,3,4,4,4,5,3,5,4,5,4,3,5,5,5,0,4,4
R2604,"UnitedHealth Group, Inc. ",4,5,2,3,4,5,5,3,5,5,5,3,3,2,3,3,4,3,4,3,4,4,5,4,NA,5,5,5,0,4,4
R3175,"UnitedHealth Group, Inc. ",2,3,1,3,3,4,4,3,4,4,4,4,3,3,2,2,2,3,3,2,4,NA,5,5,2,NA,NA,5,0,3.5,3.5
R3332,Guidewell Mutual Holding Corporation,4,4,3,3,NA,NA,NA,4,3,4,5,3,1,5,2,2,4,4,4,4,3,4,5,4,4,5,4,5,0,4,4
R3392,Humana Inc.,4,5,2,3,NA,NA,NA,3,3,4,5,4,3,3,4,4,4,3,3,4,4,5,5,3,5,5,5,5,0,4.5,4
R3444,"UnitedHealth Group, Inc. ",3,3,2,1,4,4,5,3,3,4,4,3,3,2,3,2,4,3,4,3,4,5,5,3,3,5,5,5,0,4,4
R3887,Humana Inc.,2,4,3,2,NA,NA,NA,NA,3,4,4,4,2,1,4,4,5,4,3,3,3,3,5,4,3,5,5,5,0,4,4
R4182,Humana Inc.,2,4,3,3,NA,NA,NA,2,3,4,4,4,2,1,5,3,4,4,4,3,3,5,5,3,4,5,5,5,0,4,4
R4487,Anthem Inc.,3,4,3,2,NA,NA,NA,2,3,3,5,4,3,2,4,3,5,5,4,4,3,4,5,3,5,5,5,5,0,4,4
R4845,Humana Inc.,2,3,3,1,NA,NA,NA,NA,3,4,4,4,2,2,4,3,4,4,NA,2,2,NA,5,3,3,5,5,5,0,3.5,3.5
R5329,"UnitedHealth Group, Inc. ",5,4,5,4,NA,NA,NA,NA,4,5,5,5,1,2,3,5,4,5,4,4,2,5,5,3,5,5,5,5,0,4.5,4.5
R5342,"UnitedHealth Group, Inc. ",4,4,5,2,NA,NA,NA,2,5,4,5,4,3,3,3,4,4,5,4,3,2,4,5,4,5,5,5,5,0,4.5,4.5
R5361,Humana Inc.,3,4,3,2,NA,NA,NA,NA,3,4,5,3,2,1,4,4,5,5,4,4,3,5,5,4,4,4,5,5,0,4,4
R5495,Humana Inc.,2,4,5,1,NA,NA,NA,NA,3,4,4,5,2,2,4,4,4,5,4,4,4,5,5,3,5,4,5,5,0,4,4.5
R5826,Humana Inc.,3,4,3,3,NA,NA,NA,2,3,4,5,3,3,2,4,2,4,3,NA,3,2,3,5,3,3,5,5,5,0,3.5,3.5
R5941,Anthem Inc.,3,4,4,1,NA,NA,NA,2,3,3,4,4,3,2,5,2,5,4,4,4,2,5,5,4,4,4,5,5,0,4,4
R6694,CVS Health Corporation,3,3,4,4,NA,NA,NA,NA,4,4,4,5,2,4,5,4,4,5,3,5,2,4,5,3,3,5,5,5,0,4,4
R6801,"UnitedHealth Group, Inc. ",3,3,3,3,4,4,5,2,4,5,4,3,3,2,2,3,5,4,4,4,3,3,5,3,3,5,5,5,0,4,3.5
R7220,Humana Inc.,2,3,1,2,NA,NA,NA,NA,3,3,4,2,1,3,4,4,2,3,NA,NA,2,NA,5,3,1,4,5,5,0,3.5,3.5
R7315,Humana Inc.,3,4,3,2,NA,NA,NA,3,2,4,4,2,2,1,4,3,5,3,4,3,4,3,5,3,3,5,5,5,0,3.5,3.5
R7444,"UnitedHealth Group, Inc. ",4,4,5,3,NA,NA,NA,3,4,5,5,4,1,3,3,4,4,5,NA,4,3,4,5,4,5,5,5,5,0,4.5,4
S0586,"MVP Health Care, Inc. ",NA,NA,NA,NA,NA,NA,NA,NA,NA,NA,NA,NA,NA,NA,NA,NA,NA,NA,NA,NA,NA,NA,NA,NA,NA,NA,NA,NA,0,NA,NA
S0655,"Point32Health, Inc. ",NA,NA,NA,NA,NA,NA,NA,NA,NA,NA,NA,NA,NA,NA,NA,NA,NA,NA,NA,NA,NA,NA,NA,NA,NA,NA,NA,NA,0,NA,NA
S1030,BlueCross BlueShield of Alabama,NA,NA,NA,NA,NA,NA,NA,NA,NA,NA,NA,NA,NA,NA,NA,NA,NA,NA,NA,NA,NA,NA,NA,NA,NA,NA,NA,NA,0,NA,NA
S1140,Highmark Health,NA,NA,NA,NA,NA,NA,NA,NA,NA,NA,NA,NA,NA,NA,NA,NA,NA,NA,NA,NA,NA,NA,NA,NA,NA,NA,NA,NA,0,NA,NA
S1822,"HealthPartners, Inc. ",NA,NA,NA,NA,NA,NA,NA,NA,NA,NA,NA,NA,NA,NA,NA,NA,NA,NA,NA,NA,NA,NA,NA,NA,NA,NA,NA,NA,0,NA,NA
S2465,Sentara Health Care (SHC),NA,NA,NA,NA,NA,NA,NA,NA,NA,NA,NA,NA,NA,NA,NA,NA,NA,NA,NA,NA,NA,NA,NA,NA,NA,NA,NA,NA,0,NA,NA
S2468,California Physicians' Service,NA,NA,NA,NA,NA,NA,NA,NA,NA,NA,NA,NA,NA,NA,NA,NA,NA,NA,NA,NA,NA,NA,NA,NA,NA,NA,NA,NA,0,NA,NA
S2668,Tennessee Rural Health Improvement Association,NA,NA,NA,NA,NA,NA,NA,NA,NA,NA,NA,NA,NA,NA,NA,NA,NA,NA,NA,NA,NA,NA,NA,NA,NA,NA,NA,NA,0,NA,NA
S2874,Humana Inc.,NA,NA,NA,NA,NA,NA,NA,NA,NA,NA,NA,NA,NA,NA,NA,NA,NA,NA,NA,NA,NA,NA,NA,NA,NA,NA,NA,NA,0,NA,NA
S2893,Anthem Insurance Co. & BCBSMA & BCBSRI & BCBSVT,NA,NA,NA,NA,NA,NA,NA,NA,NA,NA,NA,NA,NA,NA,NA,NA,NA,NA,NA,NA,NA,NA,NA,NA,NA,NA,NA,NA,0,NA,NA
S3147,Banner Health,NA,NA,NA,NA,NA,NA,NA,NA,NA,NA,NA,NA,NA,NA,NA,NA,NA,NA,NA,NA,NA,NA,NA,NA,NA,NA,NA,NA,0,NA,NA
S3285,"MedImpact Holdings, Inc. ",NA,NA,NA,NA,NA,NA,NA,NA,NA,NA,NA,NA,NA,NA,NA,NA,NA,NA,NA,NA,NA,NA,NA,NA,NA,NA,NA,NA,0,NA,NA
S3375,Anthem Inc.,NA,NA,NA,NA,NA,NA,NA,NA,NA,NA,NA,NA,NA,NA,NA,NA,NA,NA,NA,NA,NA,NA,NA,NA,NA,NA,NA,NA,0,NA,NA
S3389,UPMC Health System,NA,NA,NA,NA,NA,NA,NA,NA,NA,NA,NA,NA,NA,NA,NA,NA,NA,NA,NA,NA,NA,NA,NA,NA,NA,NA,NA,NA,0,NA,NA
S3521,"Lifetime Healthcare, Inc. ",NA,NA,NA,NA,NA,NA,NA,NA,NA,NA,NA,NA,NA,NA,NA,NA,NA,NA,NA,NA,NA,NA,NA,NA,NA,NA,NA,NA,0,NA,NA
S3875,"Magellan Health, Inc. ",NA,NA,NA,NA,NA,NA,NA,NA,NA,NA,NA,NA,NA,NA,NA,NA,NA,NA,NA,NA,NA,NA,NA,NA,NA,NA,NA,NA,0,NA,NA
S3994,Hawaii Medical Service Association,NA,NA,NA,NA,NA,NA,NA,NA,NA,NA,NA,NA,NA,NA,NA,NA,NA,NA,NA,NA,NA,NA,NA,NA,NA,NA,NA,NA,0,NA,NA
S4219,The Carle Foundation,NA,NA,NA,NA,NA,NA,NA,NA,NA,NA,NA,NA,NA,NA,NA,NA,NA,NA,NA,NA,NA,NA,NA,NA,NA,NA,NA,NA,0,NA,NA
S4501,"Independent Health Association, Inc. ",NA,NA,NA,NA,NA,NA,NA,NA,NA,NA,NA,NA,NA,NA,NA,NA,NA,NA,NA,NA,NA,NA,NA,NA,NA,NA,NA,NA,0,NA,NA
S4802,Centene Corporation,NA,NA,NA,NA,NA,NA,NA,NA,NA,NA,NA,NA,NA,NA,NA,NA,NA,NA,NA,NA,NA,NA,NA,NA,NA,NA,NA,NA,0,NA,NA
S5450,BlueCross BlueShield of Tennessee,NA,NA,NA,NA,NA,NA,NA,NA,NA,NA,NA,NA,NA,NA,NA,NA,NA,NA,NA,NA,NA,NA,NA,NA,NA,NA,NA,NA,0,NA,NA
S5540,Blue Cross and Blue Shield of North Carolina,NA,NA,NA,NA,NA,NA,NA,NA,NA,NA,NA,NA,NA,NA,NA,NA,NA,NA,NA,NA,NA,NA,NA,NA,NA,NA,NA,NA,0,NA,NA
S5552,Humana Inc.,NA,NA,NA,NA,NA,NA,NA,NA,NA,NA,NA,NA,NA,NA,NA,NA,NA,NA,NA,NA,NA,NA,NA,NA,NA,NA,NA,NA,0,NA,NA
S5584,Blue Cross Blue Shield of Michigan Mutual Ins. Co.,NA,NA,NA,NA,NA,NA,NA,NA,NA,NA,NA,NA,NA,NA,NA,NA,NA,NA,NA,NA,NA,NA,NA,NA,NA,NA,NA,NA,0,NA,NA
S5588,"Promedica Health System, Inc. ",NA,NA,NA,NA,NA,NA,NA,NA,NA,NA,NA,NA,NA,NA,NA,NA,NA,NA,NA,NA,NA,NA,NA,NA,NA,NA,NA,NA,0,NA,NA
S5593,Highmark Health,NA,NA,NA,NA,NA,NA,NA,NA,NA,NA,NA,NA,NA,NA,NA,NA,NA,NA,NA,NA,NA,NA,NA,NA,NA,NA,NA,NA,0,NA,NA
S5596,Anthem Inc.,NA,NA,NA,NA,NA,NA,NA,NA,NA,NA,NA,NA,NA,NA,NA,NA,NA,NA,NA,NA,NA,NA,NA,NA,NA,NA,NA,NA,0,NA,NA
S5601,CVS Health Corporation,NA,NA,NA,NA,NA,NA,NA,NA,NA,NA,NA,NA,NA,NA,NA,NA,NA,NA,NA,NA,NA,NA,NA,NA,NA,NA,NA,NA,0,NA,NA
S5609,"Cambia Health Solutions, Inc. ",NA,NA,NA,NA,NA,NA,NA,NA,NA,NA,NA,NA,NA,NA,NA,NA,NA,NA,NA,NA,NA,NA,NA,NA,NA,NA,NA,NA,0,NA,NA
S5617,CIGNA,NA,NA,NA,NA,NA,NA,NA,NA,NA,NA,NA,NA,NA,NA,NA,NA,NA,NA,NA,NA,NA,NA,NA,NA,NA,NA,NA,NA,0,NA,NA
S5660,CIGNA,NA,NA,NA,NA,NA,NA,NA,NA,NA,NA,NA,NA,NA,NA,NA,NA,NA,NA,NA,NA,NA,NA,NA,NA,NA,NA,NA,NA,0,NA,NA
S5715,Health Care Service Corporation,NA,NA,NA,NA,NA,NA,NA,NA,NA,NA,NA,NA,NA,NA,NA,NA,NA,NA,NA,NA,NA,NA,NA,NA,NA,NA,NA,NA,0,NA,NA
S5726,Blue Cross Blue Shield of Kansas,NA,NA,NA,NA,NA,NA,NA,NA,NA,NA,NA,NA,NA,NA,NA,NA,NA,NA,NA,NA,NA,NA,NA,NA,NA,NA,NA,NA,0,NA,NA
S5743,"BCBS MN, MT, NE, ND, WY, Wellmark IA and SD ",NA,NA,NA,NA,NA,NA,NA,NA,NA,NA,NA,NA,NA,NA,NA,NA,NA,NA,NA,NA,NA,NA,NA,NA,NA,NA,NA,NA,0,NA,NA
S5753,Wisconsin Physicians Service Ins Corporation.,NA,NA,NA,NA,NA,NA,NA,NA,NA,NA,NA,NA,NA,NA,NA,NA,NA,NA,NA,NA,NA,NA,NA,NA,NA,NA,NA,NA,0,NA,NA
S5795,USAble Mutual Insurance Company,NA,NA,NA,NA,NA,NA,NA,NA,NA,NA,NA,NA,NA,NA,NA,NA,NA,NA,NA,NA,NA,NA,NA,NA,NA,NA,NA,NA,0,NA,NA
S5805,"UnitedHealth Group, Inc. ",NA,NA,NA,NA,NA,NA,NA,NA,NA,NA,NA,NA,NA,NA,NA,NA,NA,NA,NA,NA,NA,NA,NA,NA,NA,NA,NA,NA,0,NA,NA
S5820,"UnitedHealth Group, Inc. ",NA,NA,NA,NA,NA,NA,NA,NA,NA,NA,NA,NA,NA,NA,NA,NA,NA,NA,NA,NA,NA,NA,NA,NA,NA,NA,NA,NA,0,NA,NA
S5857,Spectrum Health System,NA,NA,NA,NA,NA,NA,NA,NA,NA,NA,NA,NA,NA,NA,NA,NA,NA,NA,NA,NA,NA,NA,NA,NA,NA,NA,NA,NA,0,NA,NA
S5877,Educators Mutual Insurance Association,NA,NA,NA,NA,NA,NA,NA,NA,NA,NA,NA,NA,NA,NA,NA,NA,NA,NA,NA,NA,NA,NA,NA,NA,NA,NA,NA,NA,0,NA,NA
S5884,Humana Inc.,NA,NA,NA,NA,NA,NA,NA,NA,NA,NA,NA,NA,NA,NA,NA,NA,NA,NA,NA,NA,NA,NA,NA,NA,NA,NA,NA,NA,0,NA,NA
S5904,Guidewell Mutual Holding Corporation,NA,NA,NA,NA,NA,NA,NA,NA,NA,NA,NA,NA,NA,NA,NA,NA,NA,NA,NA,NA,NA,NA,NA,NA,NA,NA,NA,NA,0,NA,NA
S5916,"Cambia Health Solutions, Inc. ",NA,NA,NA,NA,NA,NA,NA,NA,NA,NA,NA,NA,NA,NA,NA,NA,NA,NA,NA,NA,NA,NA,NA,NA,NA,NA,NA,NA,0,NA,NA
S5921,"UnitedHealth Group, Inc. ",NA,NA,NA,NA,NA,NA,NA,NA,NA,NA,NA,NA,NA,NA,NA,NA,NA,NA,NA,NA,NA,NA,NA,NA,NA,NA,NA,NA,0,NA,NA
S5953,BlueCross BlueShield of South Carolina (BCBSSC),NA,NA,NA,NA,NA,NA,NA,NA,NA,NA,NA,NA,NA,NA,NA,NA,NA,NA,NA,NA,NA,NA,NA,NA,NA,NA,NA,NA,0,NA,NA
S5960,Anthem Inc.,NA,NA,NA,NA,NA,NA,NA,NA,NA,NA,NA,NA,NA,NA,NA,NA,NA,NA,NA,NA,NA,NA,NA,NA,NA,NA,NA,NA,0,NA,NA
S5966,"EmblemHealth, Inc. ",NA,NA,NA,NA,NA,NA,NA,NA,NA,NA,NA,NA,NA,NA,NA,NA,NA,NA,NA,NA,NA,NA,NA,NA,NA,NA,NA,NA,0,NA,NA
S5975,"Moda Partners, Inc. ",NA,NA,NA,NA,NA,NA,NA,NA,NA,NA,NA,NA,NA,NA,NA,NA,NA,NA,NA,NA,NA,NA,NA,NA,NA,NA,NA,NA,0,NA,NA
S5993,"Horizon Healthcare Services, Inc. ",NA,NA,NA,NA,NA,NA,NA,NA,NA,NA,NA,NA,NA,NA,NA,NA,NA,NA,NA,NA,NA,NA,NA,NA,NA,NA,NA,NA,0,NA,NA
S6506,Blue Cross Blue Shield of Arizona,NA,NA,NA,NA,NA,NA,NA,NA,NA,NA,NA,NA,NA,NA,NA,NA,NA,NA,NA,NA,NA,NA,NA,NA,NA,NA,NA,NA,0,NA,NA
S6875,"Independence Health Group, Inc. ",NA,NA,NA,NA,NA,NA,NA,NA,NA,NA,NA,NA,NA,NA,NA,NA,NA,NA,NA,NA,NA,NA,NA,NA,NA,NA,NA,NA,0,NA,NA
S6946,Group 1001,NA,NA,NA,NA,NA,NA,NA,NA,NA,NA,NA,NA,NA,NA,NA,NA,NA,NA,NA,NA,NA,NA,NA,NA,NA,NA,NA,NA,0,NA,NA
S7126,Mutual of Omaha Insurance Company,NA,NA,NA,NA,NA,NA,NA,NA,NA,NA,NA,NA,NA,NA,NA,NA,NA,NA,NA,NA,NA,NA,NA,NA,NA,NA,NA,NA,0,NA,NA
S7694,Rite Aid Corporation,NA,NA,NA,NA,NA,NA,NA,NA,NA,NA,NA,NA,NA,NA,NA,NA,NA,NA,NA,NA,NA,NA,NA,NA,NA,NA,NA,NA,0,NA,NA
S8067,Capital BlueCross,NA,NA,NA,NA,NA,NA,NA,NA,NA,NA,NA,NA,NA,NA,NA,NA,NA,NA,NA,NA,NA,NA,NA,NA,NA,NA,NA,NA,0,NA,NA
S8182,Anthem Inc.,NA,NA,NA,NA,NA,NA,NA,NA,NA,NA,NA,NA,NA,NA,NA,NA,NA,NA,NA,NA,NA,NA,NA,NA,NA,NA,NA,NA,0,NA,NA
S8677,Providence Health & Services,NA,NA,NA,NA,NA,NA,NA,NA,NA,NA,NA,NA,NA,NA,NA,NA,NA,NA,NA,NA,NA,NA,NA,NA,NA,NA,NA,NA,0,NA,NA
S8841,"UnitedHealth Group, Inc. ",NA,NA,NA,NA,NA,NA,NA,NA,NA,NA,NA,NA,NA,NA,NA,NA,NA,NA,NA,NA,NA,NA,NA,NA,NA,NA,NA,NA,0,NA,NA
S9325,"Exemplar Health Benefits Administrator, LLC ",NA,NA,NA,NA,NA,NA,NA,NA,NA,NA,NA,NA,NA,NA,NA,NA,NA,NA,NA,NA,NA,NA,NA,NA,NA,NA,NA,NA,0,NA,NA
S9701,SSM Health Care Corporation,NA,NA,NA,NA,NA,NA,NA,NA,NA,NA,NA,NA,NA,NA,NA,NA,NA,NA,NA,NA,NA,NA,NA,NA,NA,NA,NA,NA,0,NA,NA
